,author,type,id,timestamp,elapsedTime,datetime,message,messageEx,amountValue,amountString,currency,bgColor
0,"{'badgeUrl': 'https://yt3.ggpht.com/VZDyy2Pr96SEMnM6YTrjFWM4I53EKcNII8fGcFOeq1PQff2tdBZB2vl3BKot0uJrUMoQGiJS=s16-c-k', 'type': 'MEMBER', 'isVerified': False, 'isChatOwner': False, 'isChatSponsor': True, 'isChatModerator': False, 'channelId': 'UCTLk64r3FzQJ7pq5gaOaifw', 'channelUrl': 'http://www.youtube.com/channel/UCTLk64r3FzQJ7pq5gaOaifw', 'name': 'すずめさん', 'imageUrl': 'https://yt4.ggpht.com/OApLWN8B6XPKKn8f2_oWknQ9fSL4K0PFtcYfD-4KK-ph4d7ToY-xLSOjkUsobXVqYspBBPAQh_8=s64-c-k-c0x00ffffff-no-rj'}",textMessage,CkUKGkNJaTI5dmZvOHZZQ0ZmSUdmUW9kWTFJSG5BEidDS3l6LXZIbzh2WUNGWDlORHdJZGpoUUlEQTE2NDg4MTQ1NzM5MTM%3D,2022-04-01 12:02:54.115,-4:57,2022-04-01 21:02:54,:_taiki1:,"[{'id': '7W5EYvyCJMjm8wSdprfIBQ', 'txt': ':_taiki1:', 'url': 'https://yt3.ggpht.com/uoSuOIALa69YhNBF6oJvhm0Q7B1ASsVts0Fd9Pw-DjG7DzhPw-UT7t33uEbnKDJZeJ0UvP9ulg=w24-h24-c-k-nd'}]",0,,,0
1,"{'badgeUrl': 'https://yt3.ggpht.com/VZDyy2Pr96SEMnM6YTrjFWM4I53EKcNII8fGcFOeq1PQff2tdBZB2vl3BKot0uJrUMoQGiJS=s16-c-k', 'type': 'MEMBER', 'isVerified': False, 'isChatOwner': False, 'isChatSponsor': True, 'isChatModerator': False, 'channelId': 'UCY7mdZbh5EOiyhggraHzN4g', 'channelUrl': 'http://www.youtube.com/channel/UCY7mdZbh5EOiyhggraHzN4g', 'name': 'KTY', 'imageUrl': 'https://yt4.ggpht.com/ytc/AKedOLQyY_dqWd_4Zd8MgmMMQV4gXoJycEQUgEKqIMWy=s64-c-k-c0x00ffffff-no-rj'}",textMessage,CjoKGkNQS3kwUDNvOHZZQ0ZmOElyUVlkUmVVUGpBEhxDSjc5M3Zqbzh2WUNGU0xzVEFJZDFSc0hQUS0w,2022-04-01 12:03:06.075,-4:45,2022-04-01 21:03:06,:_taiki1:,"[{'id': '7W5EYvyCJMjm8wSdprfIBQ', 'txt': ':_taiki1:', 'url': 'https://yt3.ggpht.com/uoSuOIALa69YhNBF6oJvhm0Q7B1ASsVts0Fd9Pw-DjG7DzhPw-UT7t33uEbnKDJZeJ0UvP9ulg=w24-h24-c-k-nd'}]",0,,,0
2,"{'badgeUrl': 'https://yt3.ggpht.com/5adhSlzxWFjowZKIPrqaS-94N-NYGJBi3QOStZ77ThoshDPHnC4VfrxRypHNhrfR2UtqhG11rLc=s16-c-k', 'type': 'MEMBER', 'isVerified': False, 'isChatOwner': False, 'isChatSponsor': True, 'isChatModerator': False, 'channelId': 'UCqXob2GA4lq1y1UM_fx1d3Q', 'channelUrl': 'http://www.youtube.com/channel/UCqXob2GA4lq1y1UM_fx1d3Q', 'name': 'onoka', 'imageUrl': 'https://yt4.ggpht.com/mTer_IOlw7sr8jkJeWiOzfk4J88OL-erYfJLO8si78RFlPH9qnL8u0L9ec_uFqfVVrzDH5YcZg=s64-c-k-c0x00ffffff-no-rj'}",textMessage,CkUKGkNNUF85dl9vOHZZQ0ZaazByUVlkYlRBQ0p3EidDUHJibV8zbzh2WUNGZVcyVmdFZHVzSU5xdzE2NDg4MTQ1OTAxNTU%3D,2022-04-01 12:03:10.902,-4:41,2022-04-01 21:03:10,:_taiki1::_taiki1:,"[{'id': '7W5EYvyCJMjm8wSdprfIBQ', 'txt': ':_taiki1:', 'url': 'https://yt3.ggpht.com/uoSuOIALa69YhNBF6oJvhm0Q7B1ASsVts0Fd9Pw-DjG7DzhPw-UT7t33uEbnKDJZeJ0UvP9ulg=w24-h24-c-k-nd'}, {'id': '7W5EYvyCJMjm8wSdprfIBQ', 'txt': ':_taiki1:', 'url': 'https://yt3.ggpht.com/uoSuOIALa69YhNBF6oJvhm0Q7B1ASsVts0Fd9Pw-DjG7DzhPw-UT7t33uEbnKDJZeJ0UvP9ulg=w24-h24-c-k-nd'}]",0,,,0
3,"{'badgeUrl': 'https://yt3.ggpht.com/5adhSlzxWFjowZKIPrqaS-94N-NYGJBi3QOStZ77ThoshDPHnC4VfrxRypHNhrfR2UtqhG11rLc=s16-c-k', 'type': 'MEMBER', 'isVerified': False, 'isChatOwner': False, 'isChatSponsor': True, 'isChatModerator': False, 'channelId': 'UCi7hcB1IV4bmGhVwaJmmX1g', 'channelUrl': 'http://www.youtube.com/channel/UCi7hcB1IV4bmGhVwaJmmX1g', 'name': 'たつ', 'imageUrl': 'https://yt4.ggpht.com/tI_XDzKBcYwvrJ_txG5KHtNDid74RQYVq-1HNmMUA_bXtx4-QHCoTuVEsqAcY7eQIS8yUcfUqUc=s64-c-k-c0x00ffffff-no-rj'}",textMessage,CjoKGkNNX0MyNGJwOHZZQ0ZmMF9yUVlkb1lVQnR3EhxDSVB4MjRMcDh2WUNGYVpMRHdJZGhiSUdtZy0w,2022-04-01 12:03:25.132,-4:26,2022-04-01 21:03:25,:_taiki1::_taiki1:,"[{'id': '7W5EYvyCJMjm8wSdprfIBQ', 'txt': ':_taiki1:', 'url': 'https://yt3.ggpht.com/uoSuOIALa69YhNBF6oJvhm0Q7B1ASsVts0Fd9Pw-DjG7DzhPw-UT7t33uEbnKDJZeJ0UvP9ulg=w24-h24-c-k-nd'}, {'id': '7W5EYvyCJMjm8wSdprfIBQ', 'txt': ':_taiki1:', 'url': 'https://yt3.ggpht.com/uoSuOIALa69YhNBF6oJvhm0Q7B1ASsVts0Fd9Pw-DjG7DzhPw-UT7t33uEbnKDJZeJ0UvP9ulg=w24-h24-c-k-nd'}]",0,,,0
4,"{'badgeUrl': 'https://yt3.ggpht.com/Zqa1MPpZTUNz7qLEVCW_pzFH6Zh9sL1h08OodDe4x7pyW8g8nx4PlXwJ1QnPxuGXX6IZNV1n=s16-c-k', 'type': 'MEMBER', 'isVerified': False, 'isChatOwner': False, 'isChatSponsor': True, 'isChatModerator': False, 'channelId': 'UCy97wEbOGduJ3IbjXOloSpg', 'channelUrl': 'http://www.youtube.com/channel/UCy97wEbOGduJ3IbjXOloSpg', 'name': 'がばい水【みず】', 'imageUrl': 'https://yt4.ggpht.com/ytc/AKedOLRUO1ytJLf0aC8BwZPsKglvfuNn6haqYkFj-TUx=s64-c-k-c0x00ffffff-no-rj'}",textMessage,CkUKGkNNYTZvSXZwOHZZQ0ZZd0lyUVlkdExrR0p3EidDT3ZvcllucDh2WUNGUlp5V0FvZEl1UUtkdzE2NDg4MTQ2MTQwODI%3D,2022-04-01 12:03:34.650,-4:17,2022-04-01 21:03:34,:_taiki1::_taiki1::_taiki1::_taiki1:,"[{'id': '7W5EYvyCJMjm8wSdprfIBQ', 'txt': ':_taiki1:', 'url': 'https://yt3.ggpht.com/uoSuOIALa69YhNBF6oJvhm0Q7B1ASsVts0Fd9Pw-DjG7DzhPw-UT7t33uEbnKDJZeJ0UvP9ulg=w24-h24-c-k-nd'}, {'id': '7W5EYvyCJMjm8wSdprfIBQ', 'txt': ':_taiki1:', 'url': 'https://yt3.ggpht.com/uoSuOIALa69YhNBF6oJvhm0Q7B1ASsVts0Fd9Pw-DjG7DzhPw-UT7t33uEbnKDJZeJ0UvP9ulg=w24-h24-c-k-nd'}, {'id': '7W5EYvyCJMjm8wSdprfIBQ', 'txt': ':_taiki1:', 'url': 'https://yt3.ggpht.com/uoSuOIALa69YhNBF6oJvhm0Q7B1ASsVts0Fd9Pw-DjG7DzhPw-UT7t33uEbnKDJZeJ0UvP9ulg=w24-h24-c-k-nd'}, {'id': '7W5EYvyCJMjm8wSdprfIBQ', 'txt': ':_taiki1:', 'url': 'https://yt3.ggpht.com/uoSuOIALa69YhNBF6oJvhm0Q7B1ASsVts0Fd9Pw-DjG7DzhPw-UT7t33uEbnKDJZeJ0UvP9ulg=w24-h24-c-k-nd'}]",0,,,0
5,"{'badgeUrl': 'https://yt3.ggpht.com/Zqa1MPpZTUNz7qLEVCW_pzFH6Zh9sL1h08OodDe4x7pyW8g8nx4PlXwJ1QnPxuGXX6IZNV1n=s16-c-k', 'type': 'MEMBER', 'isVerified': False, 'isChatOwner': False, 'isChatSponsor': True, 'isChatModerator': False, 'channelId': 'UCMo-RVQTGLEqNV6V--JcyXw', 'channelUrl': 'http://www.youtube.com/channel/UCMo-RVQTGLEqNV6V--JcyXw', 'name': 'な', 'imageUrl': 'https://yt4.ggpht.com/ytc/AKedOLRZIgjkhBZl-Cg3HRTpquhLFYDG-bxnq75pNlmw=s64-c-k-c0x00ffffff-no-rj'}",textMessage,CjkKGkNNZVVzWV9wOHZZQ0ZZd0lyUVlkdExrR0p3EhtDT1NVd1l2cDh2WUNGWm1iVmdFZHZOd0lLdzA%3D,2022-04-01 12:03:43.312,-4:08,2022-04-01 21:03:43,:_taiki1::_taiki1:,"[{'id': '7W5EYvyCJMjm8wSdprfIBQ', 'txt': ':_taiki1:', 'url': 'https://yt3.ggpht.com/uoSuOIALa69YhNBF6oJvhm0Q7B1ASsVts0Fd9Pw-DjG7DzhPw-UT7t33uEbnKDJZeJ0UvP9ulg=w24-h24-c-k-nd'}, {'id': '7W5EYvyCJMjm8wSdprfIBQ', 'txt': ':_taiki1:', 'url': 'https://yt3.ggpht.com/uoSuOIALa69YhNBF6oJvhm0Q7B1ASsVts0Fd9Pw-DjG7DzhPw-UT7t33uEbnKDJZeJ0UvP9ulg=w24-h24-c-k-nd'}]",0,,,0
6,"{'badgeUrl': 'https://yt3.ggpht.com/5adhSlzxWFjowZKIPrqaS-94N-NYGJBi3QOStZ77ThoshDPHnC4VfrxRypHNhrfR2UtqhG11rLc=s16-c-k', 'type': 'MEMBER', 'isVerified': False, 'isChatOwner': False, 'isChatSponsor': True, 'isChatModerator': False, 'channelId': 'UCZg-mWOkmVZN04Q3EH1IFUQ', 'channelUrl': 'http://www.youtube.com/channel/UCZg-mWOkmVZN04Q3EH1IFUQ', 'name': 'Z48i3RU〜ザビエル〜', 'imageUrl': 'https://yt4.ggpht.com/WekUDVmbQjwySx8b00x4rA4eO-DXTl0b8jIA2803p0YhJ1vpIevmXldO4cjN8DpENn-ScBpbXw=s64-c-k-c0x00ffffff-no-rj'}",textMessage,CjoKGkNKblQxcERwOHZZQ0ZiUUtmUW9kc1B3SGtnEhxDTFN1Mm8zcDh2WUNGVXZZVEFJZGlnVVBGZy0w,2022-04-01 12:03:46.023,-4:05,2022-04-01 21:03:46,:_taiki1::_taiki1:,"[{'id': '7W5EYvyCJMjm8wSdprfIBQ', 'txt': ':_taiki1:', 'url': 'https://yt3.ggpht.com/uoSuOIALa69YhNBF6oJvhm0Q7B1ASsVts0Fd9Pw-DjG7DzhPw-UT7t33uEbnKDJZeJ0UvP9ulg=w24-h24-c-k-nd'}, {'id': '7W5EYvyCJMjm8wSdprfIBQ', 'txt': ':_taiki1:', 'url': 'https://yt3.ggpht.com/uoSuOIALa69YhNBF6oJvhm0Q7B1ASsVts0Fd9Pw-DjG7DzhPw-UT7t33uEbnKDJZeJ0UvP9ulg=w24-h24-c-k-nd'}]",0,,,0
7,"{'badgeUrl': 'https://yt3.ggpht.com/GTj3iCaFFx5pqr-eW_Fwbwm9bpL_w7IqWIv27oypjqmmJ52mrkEx9dmG5uvJbv0UkLRKZavSTQ=s16-c-k', 'type': 'MEMBER', 'isVerified': False, 'isChatOwner': False, 'isChatSponsor': True, 'isChatModerator': False, 'channelId': 'UCwmNkiIZpy3GMBTNkVgT_qA', 'channelUrl': 'http://www.youtube.com/channel/UCwmNkiIZpy3GMBTNkVgT_qA', 'name': 'のしろん', 'imageUrl': 'https://yt4.ggpht.com/FGA79oBpo4qsd1PokfmITuW6YistIZQbelh1JUUUGDk_XUeSye9Xo0Qtv5KPlWk8aZmQEBuqrA=s64-c-k-c0x00ffffff-no-rj'}",textMessage,CjoKGkNObTA1NURwOHZZQ0Zlc2VyUVlkVWNBQVJnEhxDSmF1ellqcDh2WUNGZTVLRHdJZHlfRUhxZy0w,2022-04-01 12:03:46.298,-4:05,2022-04-01 21:03:46,:_taiki1::_taiki1:,"[{'id': '7W5EYvyCJMjm8wSdprfIBQ', 'txt': ':_taiki1:', 'url': 'https://yt3.ggpht.com/uoSuOIALa69YhNBF6oJvhm0Q7B1ASsVts0Fd9Pw-DjG7DzhPw-UT7t33uEbnKDJZeJ0UvP9ulg=w24-h24-c-k-nd'}, {'id': '7W5EYvyCJMjm8wSdprfIBQ', 'txt': ':_taiki1:', 'url': 'https://yt3.ggpht.com/uoSuOIALa69YhNBF6oJvhm0Q7B1ASsVts0Fd9Pw-DjG7DzhPw-UT7t33uEbnKDJZeJ0UvP9ulg=w24-h24-c-k-nd'}]",0,,,0
8,"{'badgeUrl': 'https://yt3.ggpht.com/Zqa1MPpZTUNz7qLEVCW_pzFH6Zh9sL1h08OodDe4x7pyW8g8nx4PlXwJ1QnPxuGXX6IZNV1n=s16-c-k', 'type': 'MEMBER', 'isVerified': False, 'isChatOwner': False, 'isChatSponsor': True, 'isChatModerator': False, 'channelId': 'UC20wOwH-V0zc10yRdlCS_Rw', 'channelUrl': 'http://www.youtube.com/channel/UC20wOwH-V0zc10yRdlCS_Rw', 'name': 'クロバ', 'imageUrl': 'https://yt4.ggpht.com/ytc/AKedOLQKaIOMrP0izeLnfGqEjEVaiictfSskxKkEOxaj_A=s64-c-k-c0x00ffffff-no-rj'}",textMessage,CjoKGkNOM1hqSnZwOHZZQ0ZmSUdmUW9kWTFJSG5BEhxDTWkyMjVicDh2WUNGYmxURHdJZHZmZ1BsZy0w,2022-04-01 12:04:07.880,-3:44,2022-04-01 21:04:07,:_taiki1:,"[{'id': '7W5EYvyCJMjm8wSdprfIBQ', 'txt': ':_taiki1:', 'url': 'https://yt3.ggpht.com/uoSuOIALa69YhNBF6oJvhm0Q7B1ASsVts0Fd9Pw-DjG7DzhPw-UT7t33uEbnKDJZeJ0UvP9ulg=w24-h24-c-k-nd'}]",0,,,0
9,"{'badgeUrl': 'https://yt3.ggpht.com/Zqa1MPpZTUNz7qLEVCW_pzFH6Zh9sL1h08OodDe4x7pyW8g8nx4PlXwJ1QnPxuGXX6IZNV1n=s16-c-k', 'type': 'MEMBER', 'isVerified': False, 'isChatOwner': False, 'isChatSponsor': True, 'isChatModerator': False, 'channelId': 'UCjeQ4l6WrCpU8iBdRASmSaA', 'channelUrl': 'http://www.youtube.com/channel/UCjeQ4l6WrCpU8iBdRASmSaA', 'name': 'ウィキ', 'imageUrl': 'https://yt4.ggpht.com/ytc/AKedOLTtZWxHu1DAkBUOa1skmNVtSS3_foNNPoJoUVXj=s64-c-k-c0x00ffffff-no-rj'}",textMessage,CjkKGkNPblAzcHpwOHZZQ0ZRczdyUVlkWGEwQ0VnEhtDTVdDcFpucDh2WUNGV3BVaFFvZE5ROEVyZzA%3D,2022-04-01 12:04:11.320,-3:40,2022-04-01 21:04:11,:_taiki1::_taiki1::_taiki1:,"[{'id': '7W5EYvyCJMjm8wSdprfIBQ', 'txt': ':_taiki1:', 'url': 'https://yt3.ggpht.com/uoSuOIALa69YhNBF6oJvhm0Q7B1ASsVts0Fd9Pw-DjG7DzhPw-UT7t33uEbnKDJZeJ0UvP9ulg=w24-h24-c-k-nd'}, {'id': '7W5EYvyCJMjm8wSdprfIBQ', 'txt': ':_taiki1:', 'url': 'https://yt3.ggpht.com/uoSuOIALa69YhNBF6oJvhm0Q7B1ASsVts0Fd9Pw-DjG7DzhPw-UT7t33uEbnKDJZeJ0UvP9ulg=w24-h24-c-k-nd'}, {'id': '7W5EYvyCJMjm8wSdprfIBQ', 'txt': ':_taiki1:', 'url': 'https://yt3.ggpht.com/uoSuOIALa69YhNBF6oJvhm0Q7B1ASsVts0Fd9Pw-DjG7DzhPw-UT7t33uEbnKDJZeJ0UvP9ulg=w24-h24-c-k-nd'}]",0,,,0
10,"{'badgeUrl': '', 'type': '', 'isVerified': False, 'isChatOwner': False, 'isChatSponsor': False, 'isChatModerator': False, 'channelId': 'UCp0tne-Qg3SOYXesPX9FXrg', 'channelUrl': 'http://www.youtube.com/channel/UCp0tne-Qg3SOYXesPX9FXrg', 'name': 'はすの', 'imageUrl': 'https://yt4.ggpht.com/ytc/AKedOLRwjMI2Nys3qJFk6YLpdSSq-tggnCzaDSYSfw=s64-c-k-c0x00ffffff-no-rj'}",textMessage,CkUKGkNPdnNoSjNwOHZZQ0ZmY05yUVlkbEJNR2tREidDUFNPcEpycDh2WUNGUmNUWUFvZDRMc0dZUTE2NDg4MTQ2NTA2MDA%3D,2022-04-01 12:04:11.946,-3:40,2022-04-01 21:04:11,待機,['待機'],0,,,0
11,"{'badgeUrl': 'https://yt3.ggpht.com/Zqa1MPpZTUNz7qLEVCW_pzFH6Zh9sL1h08OodDe4x7pyW8g8nx4PlXwJ1QnPxuGXX6IZNV1n=s16-c-k', 'type': 'MEMBER', 'isVerified': False, 'isChatOwner': False, 'isChatSponsor': True, 'isChatModerator': False, 'channelId': 'UCSBoSECqVaZn4xSE2v7poEg', 'channelUrl': 'http://www.youtube.com/channel/UCSBoSECqVaZn4xSE2v7poEg', 'name': 'カペル', 'imageUrl': 'https://yt4.ggpht.com/ytc/AKedOLQiK41a75YmSnBNYnqmpUidOGHnbykKrGJRpN40SA=s64-c-k-c0x00ffffff-no-rj'}",textMessage,CjoKGkNKNng3NkRwOHZZQ0ZhQUFyUVlkU2hrTkp3EhxDSmJSNUp6cDh2WUNGZTd1VEFJZGlFWUhiZy0w,2022-04-01 12:04:19.983,-3:32,2022-04-01 21:04:19,:_taiki1::_taiki1::_taiki1:,"[{'id': '7W5EYvyCJMjm8wSdprfIBQ', 'txt': ':_taiki1:', 'url': 'https://yt3.ggpht.com/uoSuOIALa69YhNBF6oJvhm0Q7B1ASsVts0Fd9Pw-DjG7DzhPw-UT7t33uEbnKDJZeJ0UvP9ulg=w24-h24-c-k-nd'}, {'id': '7W5EYvyCJMjm8wSdprfIBQ', 'txt': ':_taiki1:', 'url': 'https://yt3.ggpht.com/uoSuOIALa69YhNBF6oJvhm0Q7B1ASsVts0Fd9Pw-DjG7DzhPw-UT7t33uEbnKDJZeJ0UvP9ulg=w24-h24-c-k-nd'}, {'id': '7W5EYvyCJMjm8wSdprfIBQ', 'txt': ':_taiki1:', 'url': 'https://yt3.ggpht.com/uoSuOIALa69YhNBF6oJvhm0Q7B1ASsVts0Fd9Pw-DjG7DzhPw-UT7t33uEbnKDJZeJ0UvP9ulg=w24-h24-c-k-nd'}]",0,,,0
12,"{'badgeUrl': 'https://yt3.ggpht.com/5adhSlzxWFjowZKIPrqaS-94N-NYGJBi3QOStZ77ThoshDPHnC4VfrxRypHNhrfR2UtqhG11rLc=s16-c-k', 'type': 'MEMBER', 'isVerified': False, 'isChatOwner': False, 'isChatSponsor': True, 'isChatModerator': False, 'channelId': 'UCQAS4u_LN0JD-jcXhVFuEug', 'channelUrl': 'http://www.youtube.com/channel/UCQAS4u_LN0JD-jcXhVFuEug', 'name': '白檸檬', 'imageUrl': 'https://yt4.ggpht.com/WKKUvFDScSxsyRTPOt7teaU6GaA7GNiLgz5qq5_DKZePJTqqkg2hzMKz3X8kFjglPQhp4fi_=s64-c-k-c0x00ffffff-no-rj'}",textMessage,CjoKGkNPZWd1YVhwOHZZQ0ZaazByUVlkYlRBQ0p3EhxDTnFrZ3FQcDh2WUNGUm81V0FvZFlWQUtmQS0w,2022-04-01 12:04:29.582,-3:22,2022-04-01 21:04:29,:_taiki1::_taiki1:,"[{'id': '7W5EYvyCJMjm8wSdprfIBQ', 'txt': ':_taiki1:', 'url': 'https://yt3.ggpht.com/uoSuOIALa69YhNBF6oJvhm0Q7B1ASsVts0Fd9Pw-DjG7DzhPw-UT7t33uEbnKDJZeJ0UvP9ulg=w24-h24-c-k-nd'}, {'id': '7W5EYvyCJMjm8wSdprfIBQ', 'txt': ':_taiki1:', 'url': 'https://yt3.ggpht.com/uoSuOIALa69YhNBF6oJvhm0Q7B1ASsVts0Fd9Pw-DjG7DzhPw-UT7t33uEbnKDJZeJ0UvP9ulg=w24-h24-c-k-nd'}]",0,,,0
13,"{'badgeUrl': 'https://yt3.ggpht.com/Zqa1MPpZTUNz7qLEVCW_pzFH6Zh9sL1h08OodDe4x7pyW8g8nx4PlXwJ1QnPxuGXX6IZNV1n=s16-c-k', 'type': 'MEMBER', 'isVerified': False, 'isChatOwner': False, 'isChatSponsor': True, 'isChatModerator': False, 'channelId': 'UC6ZYpLwbjQybdLWH-3XQtEw', 'channelUrl': 'http://www.youtube.com/channel/UC6ZYpLwbjQybdLWH-3XQtEw', 'name': '鯨。', 'imageUrl': 'https://yt4.ggpht.com/ytc/AKedOLS-SmyS0izVhKZBAhTKlsQCDrxGXC-QQ1FSwRTu=s64-c-k-c0x00ffffff-no-rj'}",textMessage,CjkKGkNOdkV6S2pwOHZZQ0ZTVU01d29kWk1nQ3R3EhtDSVh1bzZQcDh2WUNGVV9EVEFJZGRVd0ZYQTA%3D,2022-04-01 12:04:36.189,-3:15,2022-04-01 21:04:36,:_taiki1::_taiki1::_taiki1:,"[{'id': '7W5EYvyCJMjm8wSdprfIBQ', 'txt': ':_taiki1:', 'url': 'https://yt3.ggpht.com/uoSuOIALa69YhNBF6oJvhm0Q7B1ASsVts0Fd9Pw-DjG7DzhPw-UT7t33uEbnKDJZeJ0UvP9ulg=w24-h24-c-k-nd'}, {'id': '7W5EYvyCJMjm8wSdprfIBQ', 'txt': ':_taiki1:', 'url': 'https://yt3.ggpht.com/uoSuOIALa69YhNBF6oJvhm0Q7B1ASsVts0Fd9Pw-DjG7DzhPw-UT7t33uEbnKDJZeJ0UvP9ulg=w24-h24-c-k-nd'}, {'id': '7W5EYvyCJMjm8wSdprfIBQ', 'txt': ':_taiki1:', 'url': 'https://yt3.ggpht.com/uoSuOIALa69YhNBF6oJvhm0Q7B1ASsVts0Fd9Pw-DjG7DzhPw-UT7t33uEbnKDJZeJ0UvP9ulg=w24-h24-c-k-nd'}]",0,,,0
14,"{'badgeUrl': 'https://yt3.ggpht.com/5adhSlzxWFjowZKIPrqaS-94N-NYGJBi3QOStZ77ThoshDPHnC4VfrxRypHNhrfR2UtqhG11rLc=s16-c-k', 'type': 'MEMBER', 'isVerified': False, 'isChatOwner': False, 'isChatSponsor': True, 'isChatModerator': False, 'channelId': 'UC5xjuOONabybt4xmruINxBQ', 'channelUrl': 'http://www.youtube.com/channel/UC5xjuOONabybt4xmruINxBQ', 'name': '優', 'imageUrl': 'https://yt4.ggpht.com/4SIIw_4mjq-sa3rQn2umFsFQyJ8HcJXIw--pbFaffwLevWd-5uvB4biSPge-x3kOuXfzfywKpQ=s64-c-k-c0x00ffffff-no-rj'}",textMessage,CjoKGkNPUEd6cW5wOHZZQ0ZTVXFyUVlkd1VBTEx3EhxDTkMxbUtUcDh2WUNGUVpWRHdJZEMwQUNEUS0w,2022-04-01 12:04:38.320,-3:13,2022-04-01 21:04:38,:_taiki1::_taiki1::_taiki1:,"[{'id': '7W5EYvyCJMjm8wSdprfIBQ', 'txt': ':_taiki1:', 'url': 'https://yt3.ggpht.com/uoSuOIALa69YhNBF6oJvhm0Q7B1ASsVts0Fd9Pw-DjG7DzhPw-UT7t33uEbnKDJZeJ0UvP9ulg=w24-h24-c-k-nd'}, {'id': '7W5EYvyCJMjm8wSdprfIBQ', 'txt': ':_taiki1:', 'url': 'https://yt3.ggpht.com/uoSuOIALa69YhNBF6oJvhm0Q7B1ASsVts0Fd9Pw-DjG7DzhPw-UT7t33uEbnKDJZeJ0UvP9ulg=w24-h24-c-k-nd'}, {'id': '7W5EYvyCJMjm8wSdprfIBQ', 'txt': ':_taiki1:', 'url': 'https://yt3.ggpht.com/uoSuOIALa69YhNBF6oJvhm0Q7B1ASsVts0Fd9Pw-DjG7DzhPw-UT7t33uEbnKDJZeJ0UvP9ulg=w24-h24-c-k-nd'}]",0,,,0
15,"{'badgeUrl': 'https://yt3.ggpht.com/ca7feDM_oqGHL9YQepMNyHI9zZNTLjCsWGeQTl-KwyGELPF5HHSm6QWKw5WveCtbA3Ex911NFaw=s16-c-k', 'type': 'MEMBER', 'isVerified': False, 'isChatOwner': False, 'isChatSponsor': True, 'isChatModerator': False, 'channelId': 'UCMksy-_hrrjU06rIdjBd0Ow', 'channelUrl': 'http://www.youtube.com/channel/UCMksy-_hrrjU06rIdjBd0Ow', 'name': '木実', 'imageUrl': 'https://yt4.ggpht.com/ytc/AKedOLReE3U-7pPK_jpl0HuRr7TfFFb5iu8-HxX6Fgx5=s64-c-k-c0x00ffffff-no-rj'}",textMessage,CkUKGkNJRGJ5YXZwOHZZQ0ZTY09yUVlkRzh3QXZBEidDUERLeTZqcDh2WUNGV0ZTaFFvZEttc0ZadzE2NDg4MTQ2ODEwODM%3D,2022-04-01 12:04:42.434,-3:09,2022-04-01 21:04:42,:_taiki1::_taiki1:,"[{'id': '7W5EYvyCJMjm8wSdprfIBQ', 'txt': ':_taiki1:', 'url': 'https://yt3.ggpht.com/uoSuOIALa69YhNBF6oJvhm0Q7B1ASsVts0Fd9Pw-DjG7DzhPw-UT7t33uEbnKDJZeJ0UvP9ulg=w24-h24-c-k-nd'}, {'id': '7W5EYvyCJMjm8wSdprfIBQ', 'txt': ':_taiki1:', 'url': 'https://yt3.ggpht.com/uoSuOIALa69YhNBF6oJvhm0Q7B1ASsVts0Fd9Pw-DjG7DzhPw-UT7t33uEbnKDJZeJ0UvP9ulg=w24-h24-c-k-nd'}]",0,,,0
16,"{'badgeUrl': 'https://yt3.ggpht.com/Zqa1MPpZTUNz7qLEVCW_pzFH6Zh9sL1h08OodDe4x7pyW8g8nx4PlXwJ1QnPxuGXX6IZNV1n=s16-c-k', 'type': 'MEMBER', 'isVerified': False, 'isChatOwner': False, 'isChatSponsor': True, 'isChatModerator': False, 'channelId': 'UCKVM7YVe-kaSKBaBqU-7yNg', 'channelUrl': 'http://www.youtube.com/channel/UCKVM7YVe-kaSKBaBqU-7yNg', 'name': 'Grace Huang', 'imageUrl': 'https://yt4.ggpht.com/ytc/AKedOLS9hsIwY8ytPBWtXHce-puMcq1aVgv_FHSoKF8C5q8=s64-c-k-c0x00ffffff-no-rj'}",textMessage,CjkKGkNLM0V2YXpwOHZZQ0ZRNDVyUVlkWVBVSGtnEhtDSzZ4NEticDh2WUNGUWRCaXdvZGc3QUJJZzA%3D,2022-04-01 12:04:44.332,-3:07,2022-04-01 21:04:44,:_taiki1:,"[{'id': '7W5EYvyCJMjm8wSdprfIBQ', 'txt': ':_taiki1:', 'url': 'https://yt3.ggpht.com/uoSuOIALa69YhNBF6oJvhm0Q7B1ASsVts0Fd9Pw-DjG7DzhPw-UT7t33uEbnKDJZeJ0UvP9ulg=w24-h24-c-k-nd'}]",0,,,0
17,"{'badgeUrl': 'https://yt3.ggpht.com/Zqa1MPpZTUNz7qLEVCW_pzFH6Zh9sL1h08OodDe4x7pyW8g8nx4PlXwJ1QnPxuGXX6IZNV1n=s16-c-k', 'type': 'MEMBER', 'isVerified': False, 'isChatOwner': False, 'isChatSponsor': True, 'isChatModerator': False, 'channelId': 'UCfxHGViU3VOBHoApJZfmaYg', 'channelUrl': 'http://www.youtube.com/channel/UCfxHGViU3VOBHoApJZfmaYg', 'name': 'syphom_シフォン', 'imageUrl': 'https://yt4.ggpht.com/ytc/AKedOLQhA1_MUw3GC9HXdRRNQQlDhGdk6gfzPnWnq9hY=s64-c-k-c0x00ffffff-no-rj'}",textMessage,CjkKGkNNWG01TEhwOHZZQ0ZZNHFyUVlkeXYwSzBREhtDSVRmZ2F6cDh2WUNGVGFEVmdFZDhqRUhZZzA%3D,2022-04-01 12:04:55.461,-2:56,2022-04-01 21:04:55,:_taiki1::_taiki1:,"[{'id': '7W5EYvyCJMjm8wSdprfIBQ', 'txt': ':_taiki1:', 'url': 'https://yt3.ggpht.com/uoSuOIALa69YhNBF6oJvhm0Q7B1ASsVts0Fd9Pw-DjG7DzhPw-UT7t33uEbnKDJZeJ0UvP9ulg=w24-h24-c-k-nd'}, {'id': '7W5EYvyCJMjm8wSdprfIBQ', 'txt': ':_taiki1:', 'url': 'https://yt3.ggpht.com/uoSuOIALa69YhNBF6oJvhm0Q7B1ASsVts0Fd9Pw-DjG7DzhPw-UT7t33uEbnKDJZeJ0UvP9ulg=w24-h24-c-k-nd'}]",0,,,0
18,"{'badgeUrl': 'https://yt3.ggpht.com/5adhSlzxWFjowZKIPrqaS-94N-NYGJBi3QOStZ77ThoshDPHnC4VfrxRypHNhrfR2UtqhG11rLc=s16-c-k', 'type': 'MEMBER', 'isVerified': False, 'isChatOwner': False, 'isChatSponsor': True, 'isChatModerator': False, 'channelId': 'UC-g-mFxBcNDHY8Mb3_UYuPA', 'channelUrl': 'http://www.youtube.com/channel/UC-g-mFxBcNDHY8Mb3_UYuPA', 'name': 'なみちゃん', 'imageUrl': 'https://yt4.ggpht.com/DWHLMq6OjVMN5Y5OhSUD1IrSJWwr8YKIBEvE6c5L0FWRlCLKeWpVi1b2TuOJYrl5KNwWTq8P=s64-c-k-c0x00ffffff-no-rj'}",textMessage,CjoKGkNLS3ExTFBwOHZZQ0ZYRVFyUVlkd3JNRFBnEhxDUEtId3EzcDh2WUNGWmVQVmdFZFFjUU9PUS0w,2022-04-01 12:04:59.386,-2:52,2022-04-01 21:04:59,:_taiki1::_taiki1:,"[{'id': '7W5EYvyCJMjm8wSdprfIBQ', 'txt': ':_taiki1:', 'url': 'https://yt3.ggpht.com/uoSuOIALa69YhNBF6oJvhm0Q7B1ASsVts0Fd9Pw-DjG7DzhPw-UT7t33uEbnKDJZeJ0UvP9ulg=w24-h24-c-k-nd'}, {'id': '7W5EYvyCJMjm8wSdprfIBQ', 'txt': ':_taiki1:', 'url': 'https://yt3.ggpht.com/uoSuOIALa69YhNBF6oJvhm0Q7B1ASsVts0Fd9Pw-DjG7DzhPw-UT7t33uEbnKDJZeJ0UvP9ulg=w24-h24-c-k-nd'}]",0,,,0
19,"{'badgeUrl': 'https://yt3.ggpht.com/5adhSlzxWFjowZKIPrqaS-94N-NYGJBi3QOStZ77ThoshDPHnC4VfrxRypHNhrfR2UtqhG11rLc=s16-c-k', 'type': 'MEMBER', 'isVerified': False, 'isChatOwner': False, 'isChatSponsor': True, 'isChatModerator': False, 'channelId': 'UCVL_cpaSmptAVgUCY26mPDw', 'channelUrl': 'http://www.youtube.com/channel/UCVL_cpaSmptAVgUCY26mPDw', 'name': 'peach', 'imageUrl': 'https://yt4.ggpht.com/3cHXFT536pIC32_8i0YhpXVv0tvkn2Bpq2sYMMIe66XheSGzAZ8yx-JuxxFf36N3lHohRNgW=s64-c-k-c0x00ffffff-no-rj'}",textMessage,CkUKGkNLdm51N2JwOHZZQ0ZTVU01d29kWk1nQ3R3EidDT2VCMWJEcDh2WUNGUlcwVmdFZHI3d0FLZzE2NDg4MTQ3MDQxODc%3D,2022-04-01 12:05:05.275,-2:46,2022-04-01 21:05:05,:_taiki1::_taiki1:,"[{'id': '7W5EYvyCJMjm8wSdprfIBQ', 'txt': ':_taiki1:', 'url': 'https://yt3.ggpht.com/uoSuOIALa69YhNBF6oJvhm0Q7B1ASsVts0Fd9Pw-DjG7DzhPw-UT7t33uEbnKDJZeJ0UvP9ulg=w24-h24-c-k-nd'}, {'id': '7W5EYvyCJMjm8wSdprfIBQ', 'txt': ':_taiki1:', 'url': 'https://yt3.ggpht.com/uoSuOIALa69YhNBF6oJvhm0Q7B1ASsVts0Fd9Pw-DjG7DzhPw-UT7t33uEbnKDJZeJ0UvP9ulg=w24-h24-c-k-nd'}]",0,,,0
20,"{'badgeUrl': 'https://yt3.ggpht.com/5adhSlzxWFjowZKIPrqaS-94N-NYGJBi3QOStZ77ThoshDPHnC4VfrxRypHNhrfR2UtqhG11rLc=s16-c-k', 'type': 'MEMBER', 'isVerified': False, 'isChatOwner': False, 'isChatSponsor': True, 'isChatModerator': False, 'channelId': 'UCyUizhp3uKLa8IKunh-Kl7A', 'channelUrl': 'http://www.youtube.com/channel/UCyUizhp3uKLa8IKunh-Kl7A', 'name': 'いわさん', 'imageUrl': 'https://yt4.ggpht.com/ytc/AKedOLSQ0BsQBLkLEKF8un8cfOk6z70914JxwEZRl5bFXw=s64-c-k-c0x00ffffff-no-rj'}",textMessage,CkUKGkNKTEd4TGpwOHZZQ0ZmOElyUVlkUmVVUGpBEidDTUdnMUl6cDh2WUNGWW8yS2dvZDNwSUxRZzE2NDg4MTQ3MDkxMDQ%3D,2022-04-01 12:05:09.613,-2:42,2022-04-01 21:05:09,:_taiki1::_taiki1::_taiki1::_taiki1:,"[{'id': '7W5EYvyCJMjm8wSdprfIBQ', 'txt': ':_taiki1:', 'url': 'https://yt3.ggpht.com/uoSuOIALa69YhNBF6oJvhm0Q7B1ASsVts0Fd9Pw-DjG7DzhPw-UT7t33uEbnKDJZeJ0UvP9ulg=w24-h24-c-k-nd'}, {'id': '7W5EYvyCJMjm8wSdprfIBQ', 'txt': ':_taiki1:', 'url': 'https://yt3.ggpht.com/uoSuOIALa69YhNBF6oJvhm0Q7B1ASsVts0Fd9Pw-DjG7DzhPw-UT7t33uEbnKDJZeJ0UvP9ulg=w24-h24-c-k-nd'}, {'id': '7W5EYvyCJMjm8wSdprfIBQ', 'txt': ':_taiki1:', 'url': 'https://yt3.ggpht.com/uoSuOIALa69YhNBF6oJvhm0Q7B1ASsVts0Fd9Pw-DjG7DzhPw-UT7t33uEbnKDJZeJ0UvP9ulg=w24-h24-c-k-nd'}, {'id': '7W5EYvyCJMjm8wSdprfIBQ', 'txt': ':_taiki1:', 'url': 'https://yt3.ggpht.com/uoSuOIALa69YhNBF6oJvhm0Q7B1ASsVts0Fd9Pw-DjG7DzhPw-UT7t33uEbnKDJZeJ0UvP9ulg=w24-h24-c-k-nd'}]",0,,,0
21,"{'badgeUrl': 'https://yt3.ggpht.com/GTj3iCaFFx5pqr-eW_Fwbwm9bpL_w7IqWIv27oypjqmmJ52mrkEx9dmG5uvJbv0UkLRKZavSTQ=s16-c-k', 'type': 'MEMBER', 'isVerified': False, 'isChatOwner': False, 'isChatSponsor': True, 'isChatModerator': False, 'channelId': 'UCiLtK7xM6XQS4AuzS-fEZ9w', 'channelUrl': 'http://www.youtube.com/channel/UCiLtK7xM6XQS4AuzS-fEZ9w', 'name': 'ポンジュースモンキー', 'imageUrl': 'https://yt4.ggpht.com/ytc/AKedOLT-_VfkVfGpT8ffImi4Y3z1UnIuZbfepqj18gAY=s64-c-k-c0x00ffffff-no-rj'}",textMessage,CjkKGkNKLUotN3pwOHZZQ0ZSZ3FyUVlkeks0RUp3EhtDUHE1MUtEcDh2WUNGZnk4VmdFZFV3SUZLZzA%3D,2022-04-01 12:05:18.895,-2:33,2022-04-01 21:05:18,:_taiki1::_taiki1:,"[{'id': '7W5EYvyCJMjm8wSdprfIBQ', 'txt': ':_taiki1:', 'url': 'https://yt3.ggpht.com/uoSuOIALa69YhNBF6oJvhm0Q7B1ASsVts0Fd9Pw-DjG7DzhPw-UT7t33uEbnKDJZeJ0UvP9ulg=w24-h24-c-k-nd'}, {'id': '7W5EYvyCJMjm8wSdprfIBQ', 'txt': ':_taiki1:', 'url': 'https://yt3.ggpht.com/uoSuOIALa69YhNBF6oJvhm0Q7B1ASsVts0Fd9Pw-DjG7DzhPw-UT7t33uEbnKDJZeJ0UvP9ulg=w24-h24-c-k-nd'}]",0,,,0
22,"{'badgeUrl': 'https://yt3.ggpht.com/5adhSlzxWFjowZKIPrqaS-94N-NYGJBi3QOStZ77ThoshDPHnC4VfrxRypHNhrfR2UtqhG11rLc=s16-c-k', 'type': 'MEMBER', 'isVerified': False, 'isChatOwner': False, 'isChatSponsor': True, 'isChatModerator': False, 'channelId': 'UClaKMBM_EjFttKg4bXL8bRQ', 'channelUrl': 'http://www.youtube.com/channel/UClaKMBM_EjFttKg4bXL8bRQ', 'name': '樹-ITSUKI-', 'imageUrl': 'https://yt4.ggpht.com/R-OtEZxuYP_3X1ALzxQAyknhEUsFBPdx7PTbkdiICwtyNrz1OzVsds9XWOirJ60ZjiSUOXUo9Q=s64-c-k-c0x00ffffff-no-rj'}",textMessage,CjkKGkNPaks3N19wOHZZQ0ZaazByUVlkYlRBQ0p3EhtDTlNLaWJ2cDh2WUNGZC02VmdFZE16b0FQdzA%3D,2022-04-01 12:05:24.998,-2:27,2022-04-01 21:05:24,:_taiki1::_taiki1::_taiki1::_arsm::_arsr:,"[{'id': '7W5EYvyCJMjm8wSdprfIBQ', 'txt': ':_taiki1:', 'url': 'https://yt3.ggpht.com/uoSuOIALa69YhNBF6oJvhm0Q7B1ASsVts0Fd9Pw-DjG7DzhPw-UT7t33uEbnKDJZeJ0UvP9ulg=w24-h24-c-k-nd'}, {'id': '7W5EYvyCJMjm8wSdprfIBQ', 'txt': ':_taiki1:', 'url': 'https://yt3.ggpht.com/uoSuOIALa69YhNBF6oJvhm0Q7B1ASsVts0Fd9Pw-DjG7DzhPw-UT7t33uEbnKDJZeJ0UvP9ulg=w24-h24-c-k-nd'}, {'id': '7W5EYvyCJMjm8wSdprfIBQ', 'txt': ':_taiki1:', 'url': 'https://yt3.ggpht.com/uoSuOIALa69YhNBF6oJvhm0Q7B1ASsVts0Fd9Pw-DjG7DzhPw-UT7t33uEbnKDJZeJ0UvP9ulg=w24-h24-c-k-nd'}, {'id': 'pSSrXfiTD6-S_APZmoPgBg', 'txt': ':_arsm:', 'url': 'https://yt3.ggpht.com/0qcQMMGlKOtD3x4zS3OluvcghDAElHQ2sYE25T_R-lMb3zh7DacH4xkEqFOXxDTBPlQdqYaC4Q=w24-h24-c-k-nd'}, {'id': 'yyOrXaqoH4ep_AOBjq7oDA', 'txt': ':_arsr:', 'url': 'https://yt3.ggpht.com/9Q3PbGhT37--fiX2KcWRJGZ25iaJiJXSWdFSnkN-3yfh-HI8AHsKrffC7NiNwD8uRA5IaGTofiA=w24-h24-c-k-nd'}]",0,,,0
23,"{'badgeUrl': 'https://yt3.ggpht.com/Zqa1MPpZTUNz7qLEVCW_pzFH6Zh9sL1h08OodDe4x7pyW8g8nx4PlXwJ1QnPxuGXX6IZNV1n=s16-c-k', 'type': 'MEMBER', 'isVerified': False, 'isChatOwner': False, 'isChatSponsor': True, 'isChatModerator': False, 'channelId': 'UCII8yl9pdFzcgYB1RgC9NOA', 'channelUrl': 'http://www.youtube.com/channel/UCII8yl9pdFzcgYB1RgC9NOA', 'name': 'KAZUKI K.', 'imageUrl': 'https://yt4.ggpht.com/ytc/AKedOLTMmiqGkYwFYcjxPEnxPa8ZAN8BGzkFpAVLm4pKdQ=s64-c-k-c0x00ffffff-no-rj'}",textMessage,CjoKGkNNN3d0TVBwOHZZQ0ZiUUtmUW9kc1B3SGtnEhxDUHJJdzc3cDh2WUNGUVllV0FvZFpmRUFzQS0w,2022-04-01 12:05:32.425,-2:19,2022-04-01 21:05:32,:_taiki1::_taiki1:,"[{'id': '7W5EYvyCJMjm8wSdprfIBQ', 'txt': ':_taiki1:', 'url': 'https://yt3.ggpht.com/uoSuOIALa69YhNBF6oJvhm0Q7B1ASsVts0Fd9Pw-DjG7DzhPw-UT7t33uEbnKDJZeJ0UvP9ulg=w24-h24-c-k-nd'}, {'id': '7W5EYvyCJMjm8wSdprfIBQ', 'txt': ':_taiki1:', 'url': 'https://yt3.ggpht.com/uoSuOIALa69YhNBF6oJvhm0Q7B1ASsVts0Fd9Pw-DjG7DzhPw-UT7t33uEbnKDJZeJ0UvP9ulg=w24-h24-c-k-nd'}]",0,,,0
24,"{'badgeUrl': 'https://yt3.ggpht.com/ca7feDM_oqGHL9YQepMNyHI9zZNTLjCsWGeQTl-KwyGELPF5HHSm6QWKw5WveCtbA3Ex911NFaw=s16-c-k', 'type': 'MEMBER', 'isVerified': False, 'isChatOwner': False, 'isChatSponsor': True, 'isChatModerator': False, 'channelId': 'UCJrEouVn2Yq-R2U5MDHHjaQ', 'channelUrl': 'http://www.youtube.com/channel/UCJrEouVn2Yq-R2U5MDHHjaQ', 'name': '柚子しお', 'imageUrl': 'https://yt4.ggpht.com/ytc/AKedOLRUzbdZVutdwkc-n5CeQW5admTh8BSZXtReb8j3Og=s64-c-k-c0x00ffffff-no-rj'}",textMessage,CkUKGkNQbkdpY3JwOHZZQ0ZmY05yUVlkbEJNR2tREidDS1B5cnNUcDh2WUNGYWFaVmdFZDEtWUZSUTE2NDg4MTQ3NDQ3Nzk%3D,2022-04-01 12:05:46.395,-2:05,2022-04-01 21:05:46,:_taiki1:,"[{'id': '7W5EYvyCJMjm8wSdprfIBQ', 'txt': ':_taiki1:', 'url': 'https://yt3.ggpht.com/uoSuOIALa69YhNBF6oJvhm0Q7B1ASsVts0Fd9Pw-DjG7DzhPw-UT7t33uEbnKDJZeJ0UvP9ulg=w24-h24-c-k-nd'}]",0,,,0
25,"{'badgeUrl': 'https://yt3.ggpht.com/Zqa1MPpZTUNz7qLEVCW_pzFH6Zh9sL1h08OodDe4x7pyW8g8nx4PlXwJ1QnPxuGXX6IZNV1n=s16-c-k', 'type': 'MEMBER', 'isVerified': False, 'isChatOwner': False, 'isChatSponsor': True, 'isChatModerator': False, 'channelId': 'UC90i1dpdi-WzShVIgg-wAvQ', 'channelUrl': 'http://www.youtube.com/channel/UC90i1dpdi-WzShVIgg-wAvQ', 'name': 'とりてん', 'imageUrl': 'https://yt4.ggpht.com/ytc/AKedOLStHY-moHosNFqw9mNvf2aFlJYMcflMp55VgQ=s64-c-k-c0x00ffffff-no-rj'}",textMessage,CjkKGkNKT0N6czNwOHZZQ0ZTOE1yUVlkV2xJQ2tnEhtDTGJyODhucDh2WUNGUUZWRHdJZDcwTUJpdzA%3D,2022-04-01 12:05:53.808,-1:58,2022-04-01 21:05:53,:_taiki1::_taiki1:,"[{'id': '7W5EYvyCJMjm8wSdprfIBQ', 'txt': ':_taiki1:', 'url': 'https://yt3.ggpht.com/uoSuOIALa69YhNBF6oJvhm0Q7B1ASsVts0Fd9Pw-DjG7DzhPw-UT7t33uEbnKDJZeJ0UvP9ulg=w24-h24-c-k-nd'}, {'id': '7W5EYvyCJMjm8wSdprfIBQ', 'txt': ':_taiki1:', 'url': 'https://yt3.ggpht.com/uoSuOIALa69YhNBF6oJvhm0Q7B1ASsVts0Fd9Pw-DjG7DzhPw-UT7t33uEbnKDJZeJ0UvP9ulg=w24-h24-c-k-nd'}]",0,,,0
26,"{'badgeUrl': 'https://yt3.ggpht.com/5adhSlzxWFjowZKIPrqaS-94N-NYGJBi3QOStZ77ThoshDPHnC4VfrxRypHNhrfR2UtqhG11rLc=s16-c-k', 'type': 'MEMBER', 'isVerified': False, 'isChatOwner': False, 'isChatSponsor': True, 'isChatModerator': False, 'channelId': 'UCg8S_8DUl7XQ0usPG42Dsrg', 'channelUrl': 'http://www.youtube.com/channel/UCg8S_8DUl7XQ0usPG42Dsrg', 'name': 'いわさわ', 'imageUrl': 'https://yt4.ggpht.com/ytc/AKedOLT4TyPllxXHERVos9XM4Xk-VMPQdTSH1GoAJ21kXg=s64-c-k-c0x00ffffff-no-rj'}",textMessage,CjkKGkNNdXhuTTdwOHZZQ0ZYRVFyUVlkd3JNRFBnEhtDUFc5ejhicDh2WUNGVjFWaFFvZG1BY0ZCUTA%3D,2022-04-01 12:05:55.092,-1:56,2022-04-01 21:05:55,:_taiki1::_taiki1::_taiki1:,"[{'id': '7W5EYvyCJMjm8wSdprfIBQ', 'txt': ':_taiki1:', 'url': 'https://yt3.ggpht.com/uoSuOIALa69YhNBF6oJvhm0Q7B1ASsVts0Fd9Pw-DjG7DzhPw-UT7t33uEbnKDJZeJ0UvP9ulg=w24-h24-c-k-nd'}, {'id': '7W5EYvyCJMjm8wSdprfIBQ', 'txt': ':_taiki1:', 'url': 'https://yt3.ggpht.com/uoSuOIALa69YhNBF6oJvhm0Q7B1ASsVts0Fd9Pw-DjG7DzhPw-UT7t33uEbnKDJZeJ0UvP9ulg=w24-h24-c-k-nd'}, {'id': '7W5EYvyCJMjm8wSdprfIBQ', 'txt': ':_taiki1:', 'url': 'https://yt3.ggpht.com/uoSuOIALa69YhNBF6oJvhm0Q7B1ASsVts0Fd9Pw-DjG7DzhPw-UT7t33uEbnKDJZeJ0UvP9ulg=w24-h24-c-k-nd'}]",0,,,0
27,"{'badgeUrl': 'https://yt3.ggpht.com/Zqa1MPpZTUNz7qLEVCW_pzFH6Zh9sL1h08OodDe4x7pyW8g8nx4PlXwJ1QnPxuGXX6IZNV1n=s16-c-k', 'type': 'MEMBER', 'isVerified': False, 'isChatOwner': False, 'isChatSponsor': True, 'isChatModerator': False, 'channelId': 'UCoywxfvxVL-Nhjl1Iz0fkDg', 'channelUrl': 'http://www.youtube.com/channel/UCoywxfvxVL-Nhjl1Iz0fkDg', 'name': 'フンダル', 'imageUrl': 'https://yt4.ggpht.com/ytc/AKedOLT-cdWsBUHPhenF-5coRW7AdxOEsz90d5bBisO8Ow=s64-c-k-c0x00ffffff-no-rj'}",textMessage,CkUKGkNLYlMydExwOHZZQ0ZjZ0hyUVlkM2lFTXZBEidDTkxaamM3cDh2WUNGY1dBVmdFZGZKVU9HdzE2NDg4MTQ3NjMwNDU%3D,2022-04-01 12:06:04.501,-1:47,2022-04-01 21:06:04,:_taiki1:,"[{'id': '7W5EYvyCJMjm8wSdprfIBQ', 'txt': ':_taiki1:', 'url': 'https://yt3.ggpht.com/uoSuOIALa69YhNBF6oJvhm0Q7B1ASsVts0Fd9Pw-DjG7DzhPw-UT7t33uEbnKDJZeJ0UvP9ulg=w24-h24-c-k-nd'}]",0,,,0
28,"{'badgeUrl': 'https://yt3.ggpht.com/ca7feDM_oqGHL9YQepMNyHI9zZNTLjCsWGeQTl-KwyGELPF5HHSm6QWKw5WveCtbA3Ex911NFaw=s16-c-k', 'type': 'MEMBER', 'isVerified': False, 'isChatOwner': False, 'isChatSponsor': True, 'isChatModerator': False, 'channelId': 'UCO7H-1_9EPIPz0dLsIDgwfQ', 'channelUrl': 'http://www.youtube.com/channel/UCO7H-1_9EPIPz0dLsIDgwfQ', 'name': 'くま大隊【kumadaitai】', 'imageUrl': 'https://yt4.ggpht.com/nENcTqzWJKq3deLyjFO6y-JPl3N0TupyweSGyTpDkae1174Vi2GeqrRgoc71aIZXeg50ycFdXQ=s64-c-k-c0x00ffffff-no-rj'}",textMessage,CjkKGkNMdTBwZFRwOHZZQ0ZlUU01d29kZUkwTll3EhtDT0tDN3J2cDh2WUNGYk5CRHdJZGg1OEpuUTA%3D,2022-04-01 12:06:07.823,-1:44,2022-04-01 21:06:07,:_taiki1:増えてる,"[{'id': '7W5EYvyCJMjm8wSdprfIBQ', 'txt': ':_taiki1:', 'url': 'https://yt3.ggpht.com/uoSuOIALa69YhNBF6oJvhm0Q7B1ASsVts0Fd9Pw-DjG7DzhPw-UT7t33uEbnKDJZeJ0UvP9ulg=w24-h24-c-k-nd'}, '増えてる']",0,,,0
29,"{'badgeUrl': '', 'type': '', 'isVerified': False, 'isChatOwner': False, 'isChatSponsor': False, 'isChatModerator': False, 'channelId': 'UC4bD6morgRnMli3sXoIUwlw', 'channelUrl': 'http://www.youtube.com/channel/UC4bD6morgRnMli3sXoIUwlw', 'name': '猫になりたい', 'imageUrl': 'https://yt4.ggpht.com/ytc/AKedOLQL07-9AsIZwvhJnFtXtqPtVgopvKggCySKvFhZprnGrA=s64-c-k-c0x00ffffff-no-rj'}",textMessage,CjoKGkNQV0J4OVRwOHZZQ0Zlc2VyUVlkVWNBQVJnEhxDTDJsc05McDh2WUNGWFBJVEFJZGVua0stdy0w,2022-04-01 12:06:08.374,-1:43,2022-04-01 21:06:08,待機,['待機'],0,,,0
30,"{'badgeUrl': 'https://yt3.ggpht.com/Zqa1MPpZTUNz7qLEVCW_pzFH6Zh9sL1h08OodDe4x7pyW8g8nx4PlXwJ1QnPxuGXX6IZNV1n=s16-c-k', 'type': 'MEMBER', 'isVerified': False, 'isChatOwner': False, 'isChatSponsor': True, 'isChatModerator': False, 'channelId': 'UCGQJJ_ZmWRklTITPd5rcjTA', 'channelUrl': 'http://www.youtube.com/channel/UCGQJJ_ZmWRklTITPd5rcjTA', 'name': '鄭智鴻', 'imageUrl': 'https://yt4.ggpht.com/ytc/AKedOLQGOtJQxcNHuuLbxEnKEgdze1nFFozDUdyRtQ=s64-c-k-c0x00ffffff-no-rj'}",textMessage,CjkKGkNMang4ZFRwOHZZQ0ZiUUtmUW9kc1B3SGtnEhtDSTZja05EcDh2WUNGVHRCOVFVZGVmTU52UTA%3D,2022-04-01 12:06:09.076,-1:42,2022-04-01 21:06:09,:_taiki1::_taiki1::_taiki1:,"[{'id': '7W5EYvyCJMjm8wSdprfIBQ', 'txt': ':_taiki1:', 'url': 'https://yt3.ggpht.com/uoSuOIALa69YhNBF6oJvhm0Q7B1ASsVts0Fd9Pw-DjG7DzhPw-UT7t33uEbnKDJZeJ0UvP9ulg=w24-h24-c-k-nd'}, {'id': '7W5EYvyCJMjm8wSdprfIBQ', 'txt': ':_taiki1:', 'url': 'https://yt3.ggpht.com/uoSuOIALa69YhNBF6oJvhm0Q7B1ASsVts0Fd9Pw-DjG7DzhPw-UT7t33uEbnKDJZeJ0UvP9ulg=w24-h24-c-k-nd'}, {'id': '7W5EYvyCJMjm8wSdprfIBQ', 'txt': ':_taiki1:', 'url': 'https://yt3.ggpht.com/uoSuOIALa69YhNBF6oJvhm0Q7B1ASsVts0Fd9Pw-DjG7DzhPw-UT7t33uEbnKDJZeJ0UvP9ulg=w24-h24-c-k-nd'}]",0,,,0
31,"{'badgeUrl': 'https://yt3.ggpht.com/Zqa1MPpZTUNz7qLEVCW_pzFH6Zh9sL1h08OodDe4x7pyW8g8nx4PlXwJ1QnPxuGXX6IZNV1n=s16-c-k', 'type': 'MEMBER', 'isVerified': False, 'isChatOwner': False, 'isChatSponsor': True, 'isChatModerator': False, 'channelId': 'UCqGI0Ew_SjZ1us7AwfMyqgQ', 'channelUrl': 'http://www.youtube.com/channel/UCqGI0Ew_SjZ1us7AwfMyqgQ', 'name': 'ひろくんw', 'imageUrl': 'https://yt4.ggpht.com/ytc/AKedOLQAkHmWTbnJn-xVQYHTkC4tLVDL5_wBs_HtJA=s64-c-k-c0x00ffffff-no-rj'}",textMessage,CjkKGkNNN3ktdFhwOHZZQ0ZZNHFyUVlkeXYwSzBREhtDSnVaeGRIcDh2WUNGZUJURHdJZEF3Z05ndzA%3D,2022-04-01 12:06:11.321,-1:40,2022-04-01 21:06:11,:_taiki1:,"[{'id': '7W5EYvyCJMjm8wSdprfIBQ', 'txt': ':_taiki1:', 'url': 'https://yt3.ggpht.com/uoSuOIALa69YhNBF6oJvhm0Q7B1ASsVts0Fd9Pw-DjG7DzhPw-UT7t33uEbnKDJZeJ0UvP9ulg=w24-h24-c-k-nd'}]",0,,,0
32,"{'badgeUrl': 'https://yt3.ggpht.com/5adhSlzxWFjowZKIPrqaS-94N-NYGJBi3QOStZ77ThoshDPHnC4VfrxRypHNhrfR2UtqhG11rLc=s16-c-k', 'type': 'MEMBER', 'isVerified': False, 'isChatOwner': False, 'isChatSponsor': True, 'isChatModerator': False, 'channelId': 'UCxMAzxGmYtfVK5jncwHpBgg', 'channelUrl': 'http://www.youtube.com/channel/UCxMAzxGmYtfVK5jncwHpBgg', 'name': 'ChanMamaChan', 'imageUrl': 'https://yt4.ggpht.com/7xAIog5DLVbV6i6RHyQXsKT5_eob73dfmVq3sTGY3gMPhBX26Vo9xHWjUbMo3WRWKmlvJqreVw=s64-c-k-c0x00ffffff-no-rj'}",textMessage,CkUKGkNMS3U4TmJwOHZZQ0ZTOE1yUVlkV2xJQ2tnEidDSVhEbWNfcDh2WUNGZlJORHdJZDJqb05KdzE2NDg4MTQ3NzEzMjY%3D,2022-04-01 12:06:13.245,-1:38,2022-04-01 21:06:13,:_taiki1::_taiki1:,"[{'id': '7W5EYvyCJMjm8wSdprfIBQ', 'txt': ':_taiki1:', 'url': 'https://yt3.ggpht.com/uoSuOIALa69YhNBF6oJvhm0Q7B1ASsVts0Fd9Pw-DjG7DzhPw-UT7t33uEbnKDJZeJ0UvP9ulg=w24-h24-c-k-nd'}, {'id': '7W5EYvyCJMjm8wSdprfIBQ', 'txt': ':_taiki1:', 'url': 'https://yt3.ggpht.com/uoSuOIALa69YhNBF6oJvhm0Q7B1ASsVts0Fd9Pw-DjG7DzhPw-UT7t33uEbnKDJZeJ0UvP9ulg=w24-h24-c-k-nd'}]",0,,,0
33,"{'badgeUrl': 'https://yt3.ggpht.com/VZDyy2Pr96SEMnM6YTrjFWM4I53EKcNII8fGcFOeq1PQff2tdBZB2vl3BKot0uJrUMoQGiJS=s16-c-k', 'type': 'MEMBER', 'isVerified': False, 'isChatOwner': False, 'isChatSponsor': True, 'isChatModerator': False, 'channelId': 'UCEGlrL9QKMLBcn72LX3n5Mw', 'channelUrl': 'http://www.youtube.com/channel/UCEGlrL9QKMLBcn72LX3n5Mw', 'name': '夜眼鏡', 'imageUrl': 'https://yt4.ggpht.com/ytc/AKedOLTdRUJmyn1k2vJTPINPkjp3Yff3ChPZ7TwQeA=s64-c-k-c0x00ffffff-no-rj'}",textMessage,CkUKGkNNUGo1TmpwOHZZQ0ZmSUdmUW9kWTFJSG5BEidDSU9JXzhfcDh2WUNGVU8xVmdFZGNrVUNLQTE2NDg4MTQ3NzU4OTI%3D,2022-04-01 12:06:17.250,-1:34,2022-04-01 21:06:17,:_taiki1::_rasbi:,"[{'id': '7W5EYvyCJMjm8wSdprfIBQ', 'txt': ':_taiki1:', 'url': 'https://yt3.ggpht.com/uoSuOIALa69YhNBF6oJvhm0Q7B1ASsVts0Fd9Pw-DjG7DzhPw-UT7t33uEbnKDJZeJ0UvP9ulg=w24-h24-c-k-nd'}, {'id': 'GvTFXeaXBJP0-QOa-L-wBA', 'txt': ':_rasbi:', 'url': 'https://yt3.ggpht.com/gEmVV6o0Gs6Ogy2lwpEeh0dHjad7eFxbGtq9liefATYSL8_U-mJHynMcY3BIEtQcdmSIct7Z=w24-h24-c-k-nd'}]",0,,,0
34,"{'badgeUrl': 'https://yt3.ggpht.com/Zqa1MPpZTUNz7qLEVCW_pzFH6Zh9sL1h08OodDe4x7pyW8g8nx4PlXwJ1QnPxuGXX6IZNV1n=s16-c-k', 'type': 'MEMBER', 'isVerified': False, 'isChatOwner': False, 'isChatSponsor': True, 'isChatModerator': False, 'channelId': 'UCoywxfvxVL-Nhjl1Iz0fkDg', 'channelUrl': 'http://www.youtube.com/channel/UCoywxfvxVL-Nhjl1Iz0fkDg', 'name': 'フンダル', 'imageUrl': 'https://yt4.ggpht.com/ytc/AKedOLT-cdWsBUHPhenF-5coRW7AdxOEsz90d5bBisO8Ow=s64-c-k-c0x00ffffff-no-rj'}",textMessage,CkUKGkNMYXU1OWpwOHZZQ0ZZd0lyUVlkdExrR0p3EidDTkxaamM3cDh2WUNGY1dBVmdFZGZKVU9HdzE2NDg4MTQ3NzU5MTA%3D,2022-04-01 12:06:17.292,-1:34,2022-04-01 21:06:17,:_taiki1::_taiki1:,"[{'id': '7W5EYvyCJMjm8wSdprfIBQ', 'txt': ':_taiki1:', 'url': 'https://yt3.ggpht.com/uoSuOIALa69YhNBF6oJvhm0Q7B1ASsVts0Fd9Pw-DjG7DzhPw-UT7t33uEbnKDJZeJ0UvP9ulg=w24-h24-c-k-nd'}, {'id': '7W5EYvyCJMjm8wSdprfIBQ', 'txt': ':_taiki1:', 'url': 'https://yt3.ggpht.com/uoSuOIALa69YhNBF6oJvhm0Q7B1ASsVts0Fd9Pw-DjG7DzhPw-UT7t33uEbnKDJZeJ0UvP9ulg=w24-h24-c-k-nd'}]",0,,,0
35,"{'badgeUrl': 'https://yt3.ggpht.com/Zqa1MPpZTUNz7qLEVCW_pzFH6Zh9sL1h08OodDe4x7pyW8g8nx4PlXwJ1QnPxuGXX6IZNV1n=s16-c-k', 'type': 'MEMBER', 'isVerified': False, 'isChatOwner': False, 'isChatSponsor': True, 'isChatModerator': False, 'channelId': 'UCdIBnwNV4hTeq5dmvplkuAw', 'channelUrl': 'http://www.youtube.com/channel/UCdIBnwNV4hTeq5dmvplkuAw', 'name': 'ジェイ', 'imageUrl': 'https://yt4.ggpht.com/ytc/AKedOLQBA7A7N-pGFpMH8X5ntbgfekMdPeBkjNRNFJNh=s64-c-k-c0x00ffffff-no-rj'}",textMessage,CjkKGkNMMjQ2dHJwOHZZQ0ZmMF9yUVlkb1lVQnR3EhtDTmFIdk5qcDh2WUNGVDVPRHdJZHlGVU1wdzA%3D,2022-04-01 12:06:21.537,-1:30,2022-04-01 21:06:21,:_taiki1::_taiki1:,"[{'id': '7W5EYvyCJMjm8wSdprfIBQ', 'txt': ':_taiki1:', 'url': 'https://yt3.ggpht.com/uoSuOIALa69YhNBF6oJvhm0Q7B1ASsVts0Fd9Pw-DjG7DzhPw-UT7t33uEbnKDJZeJ0UvP9ulg=w24-h24-c-k-nd'}, {'id': '7W5EYvyCJMjm8wSdprfIBQ', 'txt': ':_taiki1:', 'url': 'https://yt3.ggpht.com/uoSuOIALa69YhNBF6oJvhm0Q7B1ASsVts0Fd9Pw-DjG7DzhPw-UT7t33uEbnKDJZeJ0UvP9ulg=w24-h24-c-k-nd'}]",0,,,0
36,"{'badgeUrl': 'https://yt3.ggpht.com/Zqa1MPpZTUNz7qLEVCW_pzFH6Zh9sL1h08OodDe4x7pyW8g8nx4PlXwJ1QnPxuGXX6IZNV1n=s16-c-k', 'type': 'MEMBER', 'isVerified': False, 'isChatOwner': False, 'isChatSponsor': True, 'isChatModerator': False, 'channelId': 'UCocM_EHlpB37uwHWwhBoUtA', 'channelUrl': 'http://www.youtube.com/channel/UCocM_EHlpB37uwHWwhBoUtA', 'name': 'ゲーミングひやむぎ', 'imageUrl': 'https://yt4.ggpht.com/ytc/AKedOLRQ9WnCoqv9lFFYg8To5sYlDju0Hzv9TOMaazuC=s64-c-k-c0x00ffffff-no-rj'}",textMessage,CjoKGkNJTDd6TjNwOHZZQ0ZYd1o1d29kVThFRUpBEhxDUHpaaGR2cDh2WUNGYUJNRHdJZENHMEJsUS0w,2022-04-01 12:06:27.345,-1:24,2022-04-01 21:06:27,:_taiki1::_taiki1::_taiki1:,"[{'id': '7W5EYvyCJMjm8wSdprfIBQ', 'txt': ':_taiki1:', 'url': 'https://yt3.ggpht.com/uoSuOIALa69YhNBF6oJvhm0Q7B1ASsVts0Fd9Pw-DjG7DzhPw-UT7t33uEbnKDJZeJ0UvP9ulg=w24-h24-c-k-nd'}, {'id': '7W5EYvyCJMjm8wSdprfIBQ', 'txt': ':_taiki1:', 'url': 'https://yt3.ggpht.com/uoSuOIALa69YhNBF6oJvhm0Q7B1ASsVts0Fd9Pw-DjG7DzhPw-UT7t33uEbnKDJZeJ0UvP9ulg=w24-h24-c-k-nd'}, {'id': '7W5EYvyCJMjm8wSdprfIBQ', 'txt': ':_taiki1:', 'url': 'https://yt3.ggpht.com/uoSuOIALa69YhNBF6oJvhm0Q7B1ASsVts0Fd9Pw-DjG7DzhPw-UT7t33uEbnKDJZeJ0UvP9ulg=w24-h24-c-k-nd'}]",0,,,0
37,"{'badgeUrl': 'https://yt3.ggpht.com/VZDyy2Pr96SEMnM6YTrjFWM4I53EKcNII8fGcFOeq1PQff2tdBZB2vl3BKot0uJrUMoQGiJS=s16-c-k', 'type': 'MEMBER', 'isVerified': False, 'isChatOwner': False, 'isChatSponsor': True, 'isChatModerator': False, 'channelId': 'UCTLk64r3FzQJ7pq5gaOaifw', 'channelUrl': 'http://www.youtube.com/channel/UCTLk64r3FzQJ7pq5gaOaifw', 'name': 'すずめさん', 'imageUrl': 'https://yt4.ggpht.com/OApLWN8B6XPKKn8f2_oWknQ9fSL4K0PFtcYfD-4KK-ph4d7ToY-xLSOjkUsobXVqYspBBPAQh_8=s64-c-k-c0x00ffffff-no-rj'}",textMessage,CkUKGkNQRGMyTjdwOHZZQ0ZmSUdmUW9kWTFJSG5BEidDTUtxZ01QcDh2WUNGWV9FVEFJZGFKMEZsZzE2NDg4MTQ3ODkzMDM%3D,2022-04-01 12:06:29.635,-1:22,2022-04-01 21:06:29,:_taiki1::_taiki1::_taiki1:,"[{'id': '7W5EYvyCJMjm8wSdprfIBQ', 'txt': ':_taiki1:', 'url': 'https://yt3.ggpht.com/uoSuOIALa69YhNBF6oJvhm0Q7B1ASsVts0Fd9Pw-DjG7DzhPw-UT7t33uEbnKDJZeJ0UvP9ulg=w24-h24-c-k-nd'}, {'id': '7W5EYvyCJMjm8wSdprfIBQ', 'txt': ':_taiki1:', 'url': 'https://yt3.ggpht.com/uoSuOIALa69YhNBF6oJvhm0Q7B1ASsVts0Fd9Pw-DjG7DzhPw-UT7t33uEbnKDJZeJ0UvP9ulg=w24-h24-c-k-nd'}, {'id': '7W5EYvyCJMjm8wSdprfIBQ', 'txt': ':_taiki1:', 'url': 'https://yt3.ggpht.com/uoSuOIALa69YhNBF6oJvhm0Q7B1ASsVts0Fd9Pw-DjG7DzhPw-UT7t33uEbnKDJZeJ0UvP9ulg=w24-h24-c-k-nd'}]",0,,,0
38,"{'badgeUrl': 'https://yt3.ggpht.com/5adhSlzxWFjowZKIPrqaS-94N-NYGJBi3QOStZ77ThoshDPHnC4VfrxRypHNhrfR2UtqhG11rLc=s16-c-k', 'type': 'MEMBER', 'isVerified': False, 'isChatOwner': False, 'isChatSponsor': True, 'isChatModerator': False, 'channelId': 'UClaKMBM_EjFttKg4bXL8bRQ', 'channelUrl': 'http://www.youtube.com/channel/UClaKMBM_EjFttKg4bXL8bRQ', 'name': '樹-ITSUKI-', 'imageUrl': 'https://yt4.ggpht.com/R-OtEZxuYP_3X1ALzxQAyknhEUsFBPdx7PTbkdiICwtyNrz1OzVsds9XWOirJ60ZjiSUOXUo9Q=s64-c-k-c0x00ffffff-no-rj'}",textMessage,CjkKGkNJSHJ2dF9wOHZZQ0ZiUUtmUW9kc1B3SGtnEhtDTlNLaWJ2cDh2WUNGZC02VmdFZE16b0FQdzE%3D,2022-04-01 12:06:31.308,-1:20,2022-04-01 21:06:31,サムネ、デカイ、カワイイ:_arshato:,"['サムネ、デカイ、カワイイ', {'id': '2ezFXeCOCsSO-gOz84Ag', 'txt': ':_arshato:', 'url': 'https://yt3.ggpht.com/boc4FCnB8U7mbBPcvY2c55hbTg_P6I5JPbbEe2ofXPZjSt7J75RrNVlXd5rM3gRo1cYjDoSkB9k=w24-h24-c-k-nd'}]",0,,,0
39,"{'badgeUrl': 'https://yt3.ggpht.com/ca7feDM_oqGHL9YQepMNyHI9zZNTLjCsWGeQTl-KwyGELPF5HHSm6QWKw5WveCtbA3Ex911NFaw=s16-c-k', 'type': 'MEMBER', 'isVerified': False, 'isChatOwner': False, 'isChatSponsor': True, 'isChatModerator': False, 'channelId': 'UCyHs86b6YY-K0xzgipwBcyw', 'channelUrl': 'http://www.youtube.com/channel/UCyHs86b6YY-K0xzgipwBcyw', 'name': 'まい。', 'imageUrl': 'https://yt4.ggpht.com/ytc/AKedOLS8bjMLwALq1DAmwPtT-4tPcxf0ydXA6MjcU7YyZQ=s64-c-k-c0x00ffffff-no-rj'}",textMessage,CkUKGkNPR2tfZVhwOHZZQ0ZhQUFyUVlkU2hrTkp3EidDS2FGOHVIcDh2WUNGWk8zVmdFZGQzd09LUTE2NDg4MTQ4MDM5MjU%3D,2022-04-01 12:06:44.914,-1:07,2022-04-01 21:06:44,:_taiki1:,"[{'id': '7W5EYvyCJMjm8wSdprfIBQ', 'txt': ':_taiki1:', 'url': 'https://yt3.ggpht.com/uoSuOIALa69YhNBF6oJvhm0Q7B1ASsVts0Fd9Pw-DjG7DzhPw-UT7t33uEbnKDJZeJ0UvP9ulg=w24-h24-c-k-nd'}]",0,,,0
40,"{'badgeUrl': 'https://yt3.ggpht.com/ca7feDM_oqGHL9YQepMNyHI9zZNTLjCsWGeQTl-KwyGELPF5HHSm6QWKw5WveCtbA3Ex911NFaw=s16-c-k', 'type': 'MEMBER', 'isVerified': False, 'isChatOwner': False, 'isChatSponsor': True, 'isChatModerator': False, 'channelId': 'UCa2zVJrvYNQzx306TzGA2bA', 'channelUrl': 'http://www.youtube.com/channel/UCa2zVJrvYNQzx306TzGA2bA', 'name': 'ケセラセラン', 'imageUrl': 'https://yt4.ggpht.com/ytc/AKedOLQfBm-HtwLX2NwKVjzBpr0Y7Sk2P8Ny9jSQvRlS=s64-c-k-c0x00ffffff-no-rj'}",textMessage,CkUKGkNQRzlnT2JwOHZZQ0ZTOE1yUVlkV2xJQ2tnEidDSXk3Xy1McDh2WUNGWU5MOVFVZE53c0U3dzE2NDg4MTQ4MDM4MzY%3D,2022-04-01 12:06:44.967,-1:07,2022-04-01 21:06:44,頑張れー,['頑張れー'],0,,,0
41,"{'badgeUrl': 'https://yt3.ggpht.com/5adhSlzxWFjowZKIPrqaS-94N-NYGJBi3QOStZ77ThoshDPHnC4VfrxRypHNhrfR2UtqhG11rLc=s16-c-k', 'type': 'MEMBER', 'isVerified': False, 'isChatOwner': False, 'isChatSponsor': True, 'isChatModerator': False, 'channelId': 'UC0-FsqYDwhsAdNWYEqQAbwg', 'channelUrl': 'http://www.youtube.com/channel/UC0-FsqYDwhsAdNWYEqQAbwg', 'name': 'あまたろう', 'imageUrl': 'https://yt4.ggpht.com/vmjorkyodgnXn4_MfNRg3IZgDx536Vz-eRiG79__vCadYDBoVlMhj_9b69wG_GS0-q4k6gqoNA=s64-c-k-c0x00ffffff-no-rj'}",textMessage,CjkKGkNPX2FnT2JwOHZZQ0ZTY09yUVlkRzh3QXZBEhtDSmVRdzk3cDh2WUNGUXc0V0FvZDE5c05ldzA%3D,2022-04-01 12:06:44.970,-1:07,2022-04-01 21:06:44,:_taiki1::_taiki1::_taiki1:,"[{'id': '7W5EYvyCJMjm8wSdprfIBQ', 'txt': ':_taiki1:', 'url': 'https://yt3.ggpht.com/uoSuOIALa69YhNBF6oJvhm0Q7B1ASsVts0Fd9Pw-DjG7DzhPw-UT7t33uEbnKDJZeJ0UvP9ulg=w24-h24-c-k-nd'}, {'id': '7W5EYvyCJMjm8wSdprfIBQ', 'txt': ':_taiki1:', 'url': 'https://yt3.ggpht.com/uoSuOIALa69YhNBF6oJvhm0Q7B1ASsVts0Fd9Pw-DjG7DzhPw-UT7t33uEbnKDJZeJ0UvP9ulg=w24-h24-c-k-nd'}, {'id': '7W5EYvyCJMjm8wSdprfIBQ', 'txt': ':_taiki1:', 'url': 'https://yt3.ggpht.com/uoSuOIALa69YhNBF6oJvhm0Q7B1ASsVts0Fd9Pw-DjG7DzhPw-UT7t33uEbnKDJZeJ0UvP9ulg=w24-h24-c-k-nd'}]",0,,,0
42,"{'badgeUrl': 'https://yt3.ggpht.com/ca7feDM_oqGHL9YQepMNyHI9zZNTLjCsWGeQTl-KwyGELPF5HHSm6QWKw5WveCtbA3Ex911NFaw=s16-c-k', 'type': 'MEMBER', 'isVerified': False, 'isChatOwner': False, 'isChatSponsor': True, 'isChatModerator': False, 'channelId': 'UCsLj8Njei883ceFscFvMbBQ', 'channelUrl': 'http://www.youtube.com/channel/UCsLj8Njei883ceFscFvMbBQ', 'name': 'みーな', 'imageUrl': 'https://yt4.ggpht.com/ytc/AKedOLT-FHU0V1ATGm2z_xDkQVR2tD0-jibE8hqMi109=s64-c-k-c0x00ffffff-no-rj'}",textMessage,CjoKGkNOdjlwZkRwOHZZQ0ZTVXFyUVlkd1VBTEx3EhxDTXVscGVycDh2WUNGUk9iVmdFZEEyQUtoZy0w,2022-04-01 12:07:06.553,-0:45,2022-04-01 21:07:06,:_taiki1:がんばって！,"[{'id': '7W5EYvyCJMjm8wSdprfIBQ', 'txt': ':_taiki1:', 'url': 'https://yt3.ggpht.com/uoSuOIALa69YhNBF6oJvhm0Q7B1ASsVts0Fd9Pw-DjG7DzhPw-UT7t33uEbnKDJZeJ0UvP9ulg=w24-h24-c-k-nd'}, 'がんばって！']",0,,,0
43,"{'badgeUrl': 'https://yt3.ggpht.com/Zqa1MPpZTUNz7qLEVCW_pzFH6Zh9sL1h08OodDe4x7pyW8g8nx4PlXwJ1QnPxuGXX6IZNV1n=s16-c-k', 'type': 'MEMBER', 'isVerified': False, 'isChatOwner': False, 'isChatSponsor': True, 'isChatModerator': False, 'channelId': 'UCz6fJyOZGcTDlETvdE2ODcA', 'channelUrl': 'http://www.youtube.com/channel/UCz6fJyOZGcTDlETvdE2ODcA', 'name': 'ティシュタル', 'imageUrl': 'https://yt4.ggpht.com/ytc/AKedOLSe3wJM5Vwpn8nksGUn9D7onaMHjRk2Xc-Ch6b9=s64-c-k-c0x00ffffff-no-rj'}",textMessage,CjoKGkNKT2g2dkhwOHZZQ0ZjY1ZyUVlkR2ZvSkpREhxDTjMtLWV2cDh2WUNGZDFJRHdJZHd6SU5sUS0w,2022-04-01 12:07:09.768,-0:42,2022-04-01 21:07:09,:_taiki1::_arsm::_arsr::_taiki1:,"[{'id': '7W5EYvyCJMjm8wSdprfIBQ', 'txt': ':_taiki1:', 'url': 'https://yt3.ggpht.com/uoSuOIALa69YhNBF6oJvhm0Q7B1ASsVts0Fd9Pw-DjG7DzhPw-UT7t33uEbnKDJZeJ0UvP9ulg=w24-h24-c-k-nd'}, {'id': 'pSSrXfiTD6-S_APZmoPgBg', 'txt': ':_arsm:', 'url': 'https://yt3.ggpht.com/0qcQMMGlKOtD3x4zS3OluvcghDAElHQ2sYE25T_R-lMb3zh7DacH4xkEqFOXxDTBPlQdqYaC4Q=w24-h24-c-k-nd'}, {'id': 'yyOrXaqoH4ep_AOBjq7oDA', 'txt': ':_arsr:', 'url': 'https://yt3.ggpht.com/9Q3PbGhT37--fiX2KcWRJGZ25iaJiJXSWdFSnkN-3yfh-HI8AHsKrffC7NiNwD8uRA5IaGTofiA=w24-h24-c-k-nd'}, {'id': '7W5EYvyCJMjm8wSdprfIBQ', 'txt': ':_taiki1:', 'url': 'https://yt3.ggpht.com/uoSuOIALa69YhNBF6oJvhm0Q7B1ASsVts0Fd9Pw-DjG7DzhPw-UT7t33uEbnKDJZeJ0UvP9ulg=w24-h24-c-k-nd'}]",0,,,0
44,"{'badgeUrl': 'https://yt3.ggpht.com/Zqa1MPpZTUNz7qLEVCW_pzFH6Zh9sL1h08OodDe4x7pyW8g8nx4PlXwJ1QnPxuGXX6IZNV1n=s16-c-k', 'type': 'MEMBER', 'isVerified': False, 'isChatOwner': False, 'isChatSponsor': True, 'isChatModerator': False, 'channelId': 'UCTt_IfFGaO9x1BfWSnfgIiA', 'channelUrl': 'http://www.youtube.com/channel/UCTt_IfFGaO9x1BfWSnfgIiA', 'name': '本田レイ', 'imageUrl': 'https://yt4.ggpht.com/ytc/AKedOLRTt8J5nLWdf1xTtqGMeSSoX80lNSmxg_MStH5gyA=s64-c-k-c0x00ffffff-no-rj'}",textMessage,CjkKGkNQdUFvZlBwOHZZQ0ZjZ0hyUVlkM2lFTXZBEhtDTV9GeU92cDh2WUNGYWJrVEFJZF9Ra0dxZzA%3D,2022-04-01 12:07:12.763,-0:39,2022-04-01 21:07:12,:_taiki1:,"[{'id': '7W5EYvyCJMjm8wSdprfIBQ', 'txt': ':_taiki1:', 'url': 'https://yt3.ggpht.com/uoSuOIALa69YhNBF6oJvhm0Q7B1ASsVts0Fd9Pw-DjG7DzhPw-UT7t33uEbnKDJZeJ0UvP9ulg=w24-h24-c-k-nd'}]",0,,,0
45,"{'badgeUrl': 'https://yt3.ggpht.com/Zqa1MPpZTUNz7qLEVCW_pzFH6Zh9sL1h08OodDe4x7pyW8g8nx4PlXwJ1QnPxuGXX6IZNV1n=s16-c-k', 'type': 'MEMBER', 'isVerified': False, 'isChatOwner': False, 'isChatSponsor': True, 'isChatModerator': False, 'channelId': 'UCPoauzCeGGdFiajoVTYhtOA', 'channelUrl': 'http://www.youtube.com/channel/UCPoauzCeGGdFiajoVTYhtOA', 'name': 'ののあ', 'imageUrl': 'https://yt4.ggpht.com/ytc/AKedOLTLD4iS6BkZe6IUZzmODPZGdgsHmOasGh_I_SPc=s64-c-k-c0x00ffffff-no-rj'}",textMessage,CjoKGkNQaVctX1RwOHZZQ0ZaSUVmUW9kNW1jTUtBEhxDSWJmMXU3cDh2WUNGU3ViVmdFZFV4VUwzdy0w,2022-04-01 12:07:16.337,-0:35,2022-04-01 21:07:16,:_taiki1:,"[{'id': '7W5EYvyCJMjm8wSdprfIBQ', 'txt': ':_taiki1:', 'url': 'https://yt3.ggpht.com/uoSuOIALa69YhNBF6oJvhm0Q7B1ASsVts0Fd9Pw-DjG7DzhPw-UT7t33uEbnKDJZeJ0UvP9ulg=w24-h24-c-k-nd'}]",0,,,0
46,"{'badgeUrl': 'https://yt3.ggpht.com/Zqa1MPpZTUNz7qLEVCW_pzFH6Zh9sL1h08OodDe4x7pyW8g8nx4PlXwJ1QnPxuGXX6IZNV1n=s16-c-k', 'type': 'MEMBER', 'isVerified': False, 'isChatOwner': False, 'isChatSponsor': True, 'isChatModerator': False, 'channelId': 'UCIu-VX8ACfVLZjXV0HoItzA', 'channelUrl': 'http://www.youtube.com/channel/UCIu-VX8ACfVLZjXV0HoItzA', 'name': 'たこ', 'imageUrl': 'https://yt4.ggpht.com/ytc/AKedOLQ_WFuDF93C5kXtdENmlIfHO62pGbUhHqS1rhoU5w=s64-c-k-c0x00ffffff-no-rj'}",textMessage,CkUKGkNQNnI3X1hwOHZZQ0ZTVU01d29kWk1nQ3R3EidDSkgxLS03cDh2WUNGZWRCRHdJZC1rb0o4QTE2NDg4MTQ4Mzc4MTI%3D,2022-04-01 12:07:18.240,-0:33,2022-04-01 21:07:18,:_taiki1:スタンプ増えてるやん,"[{'id': '7W5EYvyCJMjm8wSdprfIBQ', 'txt': ':_taiki1:', 'url': 'https://yt3.ggpht.com/uoSuOIALa69YhNBF6oJvhm0Q7B1ASsVts0Fd9Pw-DjG7DzhPw-UT7t33uEbnKDJZeJ0UvP9ulg=w24-h24-c-k-nd'}, 'スタンプ増えてるやん']",0,,,0
47,"{'badgeUrl': '', 'type': '', 'isVerified': False, 'isChatOwner': False, 'isChatSponsor': False, 'isChatModerator': False, 'channelId': 'UCH6sEJX_jVHbWmWtPahbGJw', 'channelUrl': 'http://www.youtube.com/channel/UCH6sEJX_jVHbWmWtPahbGJw', 'name': 'darkルギア', 'imageUrl': 'https://yt4.ggpht.com/ytc/AKedOLRW3d8MqJMOmx8myBtkCQpq-O44KnK3uDjDreNb=s64-c-k-c0x00ffffff-no-rj'}",textMessage,CjoKGkNORFUxX2pwOHZZQ0ZTY09yUVlkRzh3QXZBEhxDSUx1Z3ZMcDh2WUNGY05HRHdJZE11OEhWQS0w,2022-04-01 12:07:24.144,-0:27,2022-04-01 21:07:24,ボ、ボス呼びいいね,['ボ、ボス呼びいいね'],0,,,0
48,"{'badgeUrl': 'https://yt3.ggpht.com/Zqa1MPpZTUNz7qLEVCW_pzFH6Zh9sL1h08OodDe4x7pyW8g8nx4PlXwJ1QnPxuGXX6IZNV1n=s16-c-k', 'type': 'MEMBER', 'isVerified': False, 'isChatOwner': False, 'isChatSponsor': True, 'isChatModerator': False, 'channelId': 'UC12NjJWZ2_srSUTc5MArMbQ', 'channelUrl': 'http://www.youtube.com/channel/UC12NjJWZ2_srSUTc5MArMbQ', 'name': 'しーばー', 'imageUrl': 'https://yt4.ggpht.com/ytc/AKedOLRgaeVDB0I6tksWLFKZ9eGbGMRljok38f1RJ2e3=s64-c-k-c0x00ffffff-no-rj'}",textMessage,CkUKGkNNaVItdjdwOHZZQ0ZaSUVmUW9kNW1jTUtBEidDTDIwMlB2cDh2WUNGYk5KOVFVZC1xQUlSdzE2NDg4MTQ4NTgxMjg%3D,2022-04-01 12:07:37.292,-0:14,2022-04-01 21:07:37,:_taiki1:,"[{'id': '7W5EYvyCJMjm8wSdprfIBQ', 'txt': ':_taiki1:', 'url': 'https://yt3.ggpht.com/uoSuOIALa69YhNBF6oJvhm0Q7B1ASsVts0Fd9Pw-DjG7DzhPw-UT7t33uEbnKDJZeJ0UvP9ulg=w24-h24-c-k-nd'}]",0,,,0
49,"{'badgeUrl': 'https://yt3.ggpht.com/Zqa1MPpZTUNz7qLEVCW_pzFH6Zh9sL1h08OodDe4x7pyW8g8nx4PlXwJ1QnPxuGXX6IZNV1n=s16-c-k', 'type': 'MEMBER', 'isVerified': False, 'isChatOwner': False, 'isChatSponsor': True, 'isChatModerator': False, 'channelId': 'UC90i1dpdi-WzShVIgg-wAvQ', 'channelUrl': 'http://www.youtube.com/channel/UC90i1dpdi-WzShVIgg-wAvQ', 'name': 'とりてん', 'imageUrl': 'https://yt4.ggpht.com/ytc/AKedOLStHY-moHosNFqw9mNvf2aFlJYMcflMp55VgQ=s64-c-k-c0x00ffffff-no-rj'}",textMessage,CjkKGkNQS0t5SWpxOHZZQ0ZYRVFyUVlkd3JNRFBnEhtDTGJyODhucDh2WUNGUUZWRHdJZDcwTUJpdzE%3D,2022-04-01 12:07:57.443,0:02,2022-04-01 21:07:57,ついえら！,['ついえら！'],0,,,0
50,"{'badgeUrl': 'https://yt3.ggpht.com/Zqa1MPpZTUNz7qLEVCW_pzFH6Zh9sL1h08OodDe4x7pyW8g8nx4PlXwJ1QnPxuGXX6IZNV1n=s16-c-k', 'type': 'MEMBER', 'isVerified': False, 'isChatOwner': False, 'isChatSponsor': True, 'isChatModerator': False, 'channelId': 'UCikI1qpfX6iUeeDe96HyN1Q', 'channelUrl': 'http://www.youtube.com/channel/UCikI1qpfX6iUeeDe96HyN1Q', 'name': 'ボレアルクス', 'imageUrl': 'https://yt4.ggpht.com/ytc/AKedOLSMMtcrdbwPDA6jhc_B4CK0-_VtuDfpYOaohKZ0=s64-c-k-c0x00ffffff-no-rj'}",textMessage,CjkKGkNLTEVfNGpxOHZZQ0ZRczdyUVlkWGEwQ0VnEhtDSkg5b0lEcTh2WUNGUnBDRHdJZFRrTU9EQTA%3D,2022-04-01 12:07:58.351,0:03,2022-04-01 21:07:58,:_taiki1:,"[{'id': '7W5EYvyCJMjm8wSdprfIBQ', 'txt': ':_taiki1:', 'url': 'https://yt3.ggpht.com/uoSuOIALa69YhNBF6oJvhm0Q7B1ASsVts0Fd9Pw-DjG7DzhPw-UT7t33uEbnKDJZeJ0UvP9ulg=w24-h24-c-k-nd'}]",0,,,0
51,"{'badgeUrl': 'https://yt3.ggpht.com/Zqa1MPpZTUNz7qLEVCW_pzFH6Zh9sL1h08OodDe4x7pyW8g8nx4PlXwJ1QnPxuGXX6IZNV1n=s16-c-k', 'type': 'MEMBER', 'isVerified': False, 'isChatOwner': False, 'isChatSponsor': True, 'isChatModerator': False, 'channelId': 'UCKVM7YVe-kaSKBaBqU-7yNg', 'channelUrl': 'http://www.youtube.com/channel/UCKVM7YVe-kaSKBaBqU-7yNg', 'name': 'Grace Huang', 'imageUrl': 'https://yt4.ggpht.com/ytc/AKedOLS9hsIwY8ytPBWtXHce-puMcq1aVgv_FHSoKF8C5q8=s64-c-k-c0x00ffffff-no-rj'}",textMessage,CjkKGkNLbm55WW5xOHZZQ0ZaazByUVlkYlRBQ0p3EhtDSzZ4NEticDh2WUNGUWRCaXdvZGc3QUJJZzE%3D,2022-04-01 12:07:59.568,0:04,2022-04-01 21:07:59,:_taiki1:,"[{'id': '7W5EYvyCJMjm8wSdprfIBQ', 'txt': ':_taiki1:', 'url': 'https://yt3.ggpht.com/uoSuOIALa69YhNBF6oJvhm0Q7B1ASsVts0Fd9Pw-DjG7DzhPw-UT7t33uEbnKDJZeJ0UvP9ulg=w24-h24-c-k-nd'}]",0,,,0
52,"{'badgeUrl': 'https://yt3.ggpht.com/Zqa1MPpZTUNz7qLEVCW_pzFH6Zh9sL1h08OodDe4x7pyW8g8nx4PlXwJ1QnPxuGXX6IZNV1n=s16-c-k', 'type': 'MEMBER', 'isVerified': False, 'isChatOwner': False, 'isChatSponsor': True, 'isChatModerator': False, 'channelId': 'UCkhSDVMbIGnqa08fnee5HUg', 'channelUrl': 'http://www.youtube.com/channel/UCkhSDVMbIGnqa08fnee5HUg', 'name': 'おむすびくまたん', 'imageUrl': 'https://yt4.ggpht.com/ytc/AKedOLR1Zo8Zk88qCGdbEOS84KFeQ3UzqPdhXnygjyhP6g=s64-c-k-c0x00ffffff-no-rj'}",textMessage,CjoKGkNOU0NtSXJxOHZZQ0ZTY09yUVlkRzh3QXZBEhxDTmlOd29mcTh2WUNGWGhEaFFvZERVY0NXQS0w,2022-04-01 12:08:00.850,0:05,2022-04-01 21:08:00,:_taiki1::_taiki1:,"[{'id': '7W5EYvyCJMjm8wSdprfIBQ', 'txt': ':_taiki1:', 'url': 'https://yt3.ggpht.com/uoSuOIALa69YhNBF6oJvhm0Q7B1ASsVts0Fd9Pw-DjG7DzhPw-UT7t33uEbnKDJZeJ0UvP9ulg=w24-h24-c-k-nd'}, {'id': '7W5EYvyCJMjm8wSdprfIBQ', 'txt': ':_taiki1:', 'url': 'https://yt3.ggpht.com/uoSuOIALa69YhNBF6oJvhm0Q7B1ASsVts0Fd9Pw-DjG7DzhPw-UT7t33uEbnKDJZeJ0UvP9ulg=w24-h24-c-k-nd'}]",0,,,0
53,"{'badgeUrl': 'https://yt3.ggpht.com/5adhSlzxWFjowZKIPrqaS-94N-NYGJBi3QOStZ77ThoshDPHnC4VfrxRypHNhrfR2UtqhG11rLc=s16-c-k', 'type': 'MEMBER', 'isVerified': False, 'isChatOwner': False, 'isChatSponsor': True, 'isChatModerator': False, 'channelId': 'UC2BqoYeLDEFOHjVNNoqxy0w', 'channelUrl': 'http://www.youtube.com/channel/UC2BqoYeLDEFOHjVNNoqxy0w', 'name': '四角い瞳_Square eye', 'imageUrl': 'https://yt4.ggpht.com/ytc/AKedOLTmtSfJf1pSBIgV3v51mnO-t7Gu98qbFTeG_7iXmw=s64-c-k-c0x00ffffff-no-rj'}",textMessage,CjkKGkNJRDl4SXZxOHZZQ0ZYa0gxZ0Fkdk5FTWVREhtDTTd2eElmcTh2WUNGUVBrVVFvZHlnQU5QdzA%3D,2022-04-01 12:08:03.684,0:08,2022-04-01 21:08:03,:_taiki1::_taiki1::_rasbi:,"[{'id': '7W5EYvyCJMjm8wSdprfIBQ', 'txt': ':_taiki1:', 'url': 'https://yt3.ggpht.com/uoSuOIALa69YhNBF6oJvhm0Q7B1ASsVts0Fd9Pw-DjG7DzhPw-UT7t33uEbnKDJZeJ0UvP9ulg=w24-h24-c-k-nd'}, {'id': '7W5EYvyCJMjm8wSdprfIBQ', 'txt': ':_taiki1:', 'url': 'https://yt3.ggpht.com/uoSuOIALa69YhNBF6oJvhm0Q7B1ASsVts0Fd9Pw-DjG7DzhPw-UT7t33uEbnKDJZeJ0UvP9ulg=w24-h24-c-k-nd'}, {'id': 'GvTFXeaXBJP0-QOa-L-wBA', 'txt': ':_rasbi:', 'url': 'https://yt3.ggpht.com/gEmVV6o0Gs6Ogy2lwpEeh0dHjad7eFxbGtq9liefATYSL8_U-mJHynMcY3BIEtQcdmSIct7Z=w24-h24-c-k-nd'}]",0,,,0
54,"{'badgeUrl': 'https://yt3.ggpht.com/Zqa1MPpZTUNz7qLEVCW_pzFH6Zh9sL1h08OodDe4x7pyW8g8nx4PlXwJ1QnPxuGXX6IZNV1n=s16-c-k', 'type': 'MEMBER', 'isVerified': False, 'isChatOwner': False, 'isChatSponsor': True, 'isChatModerator': False, 'channelId': 'UCoywxfvxVL-Nhjl1Iz0fkDg', 'channelUrl': 'http://www.youtube.com/channel/UCoywxfvxVL-Nhjl1Iz0fkDg', 'name': 'フンダル', 'imageUrl': 'https://yt4.ggpht.com/ytc/AKedOLT-cdWsBUHPhenF-5coRW7AdxOEsz90d5bBisO8Ow=s64-c-k-c0x00ffffff-no-rj'}",textMessage,CkUKGkNLdVpvb3pxOHZZQ0ZiUUtmUW9kc1B3SGtnEidDT2lVbV9fcDh2WUNGWHFQVmdFZFFaVU9OZzE2NDg4MTQ4ODMyODI%3D,2022-04-01 12:08:05.211,0:10,2022-04-01 21:08:05,ついえら！,['ついえら！'],0,,,0
55,"{'badgeUrl': 'https://yt3.ggpht.com/Zqa1MPpZTUNz7qLEVCW_pzFH6Zh9sL1h08OodDe4x7pyW8g8nx4PlXwJ1QnPxuGXX6IZNV1n=s16-c-k', 'type': 'MEMBER', 'isVerified': False, 'isChatOwner': False, 'isChatSponsor': True, 'isChatModerator': False, 'channelId': 'UCxBf1xaa7A1bK6e7rYNPXJA', 'channelUrl': 'http://www.youtube.com/channel/UCxBf1xaa7A1bK6e7rYNPXJA', 'name': '酒カスのたこパス', 'imageUrl': 'https://yt4.ggpht.com/ytc/AKedOLTTicl_AU8TiYlTs4dy5W6NeyYnZCNrE-vb7mCTeg=s64-c-k-c0x00ffffff-no-rj'}",textMessage,CjkKGkNJV192WXpxOHZZQ0ZSb2JyUVlkRFVFQkVREhtDTXF5M0lQcTh2WUNGWmVQVmdFZFFjUU9PUTA%3D,2022-04-01 12:08:05.658,0:10,2022-04-01 21:08:05,:_taiki1::_arsm::_arsr:,"[{'id': '7W5EYvyCJMjm8wSdprfIBQ', 'txt': ':_taiki1:', 'url': 'https://yt3.ggpht.com/uoSuOIALa69YhNBF6oJvhm0Q7B1ASsVts0Fd9Pw-DjG7DzhPw-UT7t33uEbnKDJZeJ0UvP9ulg=w24-h24-c-k-nd'}, {'id': 'pSSrXfiTD6-S_APZmoPgBg', 'txt': ':_arsm:', 'url': 'https://yt3.ggpht.com/0qcQMMGlKOtD3x4zS3OluvcghDAElHQ2sYE25T_R-lMb3zh7DacH4xkEqFOXxDTBPlQdqYaC4Q=w24-h24-c-k-nd'}, {'id': 'yyOrXaqoH4ep_AOBjq7oDA', 'txt': ':_arsr:', 'url': 'https://yt3.ggpht.com/9Q3PbGhT37--fiX2KcWRJGZ25iaJiJXSWdFSnkN-3yfh-HI8AHsKrffC7NiNwD8uRA5IaGTofiA=w24-h24-c-k-nd'}]",0,,,0
56,"{'badgeUrl': 'https://yt3.ggpht.com/5adhSlzxWFjowZKIPrqaS-94N-NYGJBi3QOStZ77ThoshDPHnC4VfrxRypHNhrfR2UtqhG11rLc=s16-c-k', 'type': 'MEMBER', 'isVerified': False, 'isChatOwner': False, 'isChatSponsor': True, 'isChatModerator': False, 'channelId': 'UCMoWLdSeZit7wJpkhqQShow', 'channelUrl': 'http://www.youtube.com/channel/UCMoWLdSeZit7wJpkhqQShow', 'name': 'じゃぐらー', 'imageUrl': 'https://yt4.ggpht.com/ytc/AKedOLTzbHBtb-QW_clmWaeqnIMMoxjq_W8rgLqYdH8UTQ=s64-c-k-c0x00ffffff-no-rj'}",textMessage,CjkKGkNLX0Z0NDNxOHZZQ0ZmY05yUVlkbEJNR2tREhtDSmUydnFmcDh2WUNGUXhKRHdJZEZKWURsdzA%3D,2022-04-01 12:08:07.658,0:12,2022-04-01 21:08:07,:_taiki1:,"[{'id': '7W5EYvyCJMjm8wSdprfIBQ', 'txt': ':_taiki1:', 'url': 'https://yt3.ggpht.com/uoSuOIALa69YhNBF6oJvhm0Q7B1ASsVts0Fd9Pw-DjG7DzhPw-UT7t33uEbnKDJZeJ0UvP9ulg=w24-h24-c-k-nd'}]",0,,,0
57,"{'badgeUrl': '', 'type': '', 'isVerified': False, 'isChatOwner': False, 'isChatSponsor': False, 'isChatModerator': False, 'channelId': 'UCprR_ipDAh7N1iHnJHnAKHA', 'channelUrl': 'http://www.youtube.com/channel/UCprR_ipDAh7N1iHnJHnAKHA', 'name': 'ちまき', 'imageUrl': 'https://yt4.ggpht.com/0qDRku9J0SmBdn07YE0-4Id1NNeiWgi67hPGMJITIPvu0imOoVPTKt3VjxeA0kpVs-JqIVgstA=s64-c-k-c0x00ffffff-no-rj'}",textMessage,CkUKGkNKYklzNDNxOHZZQ0Zlc2VyUVlkVWNBQVJnEidDTmo1clAzcDh2WUNGVVZTaFFvZE9FQUk3dzE2NDg4MTQ4OTAwMDQ%3D,2022-04-01 12:08:07.593,0:12,2022-04-01 21:08:07,がんばってね〜！,['がんばってね〜！'],0,,,0
58,"{'badgeUrl': 'https://yt3.ggpht.com/Zqa1MPpZTUNz7qLEVCW_pzFH6Zh9sL1h08OodDe4x7pyW8g8nx4PlXwJ1QnPxuGXX6IZNV1n=s16-c-k', 'type': 'MEMBER', 'isVerified': False, 'isChatOwner': False, 'isChatSponsor': True, 'isChatModerator': False, 'channelId': 'UCZn65TWXqAhPVmNIWI6XNww', 'channelUrl': 'http://www.youtube.com/channel/UCZn65TWXqAhPVmNIWI6XNww', 'name': 'そうちょー', 'imageUrl': 'https://yt4.ggpht.com/ytc/AKedOLSVvUm8KRszu0tto9zOQbceT5Gpe4VNtVHk9FiPYg=s64-c-k-c0x00ffffff-no-rj'}",textMessage,CjkKGkNMcXJ5NDNxOHZZQ0Zlc2VyUVlkVWNBQVJnEhtDTjdKdG9YcTh2WUNGY0JFRHdJZFhpb0FDdzA%3D,2022-04-01 12:08:07.982,0:12,2022-04-01 21:08:07,:_taiki1::_taiki1::_taiki1:,"[{'id': '7W5EYvyCJMjm8wSdprfIBQ', 'txt': ':_taiki1:', 'url': 'https://yt3.ggpht.com/uoSuOIALa69YhNBF6oJvhm0Q7B1ASsVts0Fd9Pw-DjG7DzhPw-UT7t33uEbnKDJZeJ0UvP9ulg=w24-h24-c-k-nd'}, {'id': '7W5EYvyCJMjm8wSdprfIBQ', 'txt': ':_taiki1:', 'url': 'https://yt3.ggpht.com/uoSuOIALa69YhNBF6oJvhm0Q7B1ASsVts0Fd9Pw-DjG7DzhPw-UT7t33uEbnKDJZeJ0UvP9ulg=w24-h24-c-k-nd'}, {'id': '7W5EYvyCJMjm8wSdprfIBQ', 'txt': ':_taiki1:', 'url': 'https://yt3.ggpht.com/uoSuOIALa69YhNBF6oJvhm0Q7B1ASsVts0Fd9Pw-DjG7DzhPw-UT7t33uEbnKDJZeJ0UvP9ulg=w24-h24-c-k-nd'}]",0,,,0
59,"{'badgeUrl': '', 'type': '', 'isVerified': False, 'isChatOwner': False, 'isChatSponsor': False, 'isChatModerator': False, 'channelId': 'UCqO4d5O5SaIP6sAJDAmR6yg', 'channelUrl': 'http://www.youtube.com/channel/UCqO4d5O5SaIP6sAJDAmR6yg', 'name': 'からき', 'imageUrl': 'https://yt4.ggpht.com/37bS6DboH5wMVIsc-l_h5xcZi98IB1I7bKcyF5iab3ScG2qfrG-w26k6kxQKc0zXQ7U3xXyl8Q=s64-c-k-c0x00ffffff-no-rj'}",textMessage,CkUKGkNJVDgxNDNxOHZZQ0ZSb2JyUVlkRFVFQkVREidDSjZ2a1l2cDh2WUNGWlNRVmdFZFdSa04wQTE2NDg4MTQ4ODcyMjQ%3D,2022-04-01 12:08:08.189,0:13,2022-04-01 21:08:08,ついえら,['ついえら'],0,,,0
60,"{'badgeUrl': 'https://yt3.ggpht.com/5adhSlzxWFjowZKIPrqaS-94N-NYGJBi3QOStZ77ThoshDPHnC4VfrxRypHNhrfR2UtqhG11rLc=s16-c-k', 'type': 'MEMBER', 'isVerified': False, 'isChatOwner': False, 'isChatSponsor': True, 'isChatModerator': False, 'channelId': 'UCYE9KKvtVvwpHpDBJE9Bl4Q', 'channelUrl': 'http://www.youtube.com/channel/UCYE9KKvtVvwpHpDBJE9Bl4Q', 'name': '（さとう）', 'imageUrl': 'https://yt4.ggpht.com/sa5SJR9gVBoD7rdN8WUmFxAfArYpyNdOsBf4PefDKXuBSuHYyeu-VALeY14zkFjuQD2A-Zg2eA=s64-c-k-c0x00ffffff-no-rj'}",textMessage,CjoKGkNKN1dxbzdxOHZZQ0ZaSUVmUW9kNW1jTUtBEhxDT3JQNjRycTh2WUNGVDVMRHdJZEpVRUFIZy0w,2022-04-01 12:08:09.544,0:14,2022-04-01 21:08:09,:_taiki1::_taiki1::_taiki1:,"[{'id': '7W5EYvyCJMjm8wSdprfIBQ', 'txt': ':_taiki1:', 'url': 'https://yt3.ggpht.com/uoSuOIALa69YhNBF6oJvhm0Q7B1ASsVts0Fd9Pw-DjG7DzhPw-UT7t33uEbnKDJZeJ0UvP9ulg=w24-h24-c-k-nd'}, {'id': '7W5EYvyCJMjm8wSdprfIBQ', 'txt': ':_taiki1:', 'url': 'https://yt3.ggpht.com/uoSuOIALa69YhNBF6oJvhm0Q7B1ASsVts0Fd9Pw-DjG7DzhPw-UT7t33uEbnKDJZeJ0UvP9ulg=w24-h24-c-k-nd'}, {'id': '7W5EYvyCJMjm8wSdprfIBQ', 'txt': ':_taiki1:', 'url': 'https://yt3.ggpht.com/uoSuOIALa69YhNBF6oJvhm0Q7B1ASsVts0Fd9Pw-DjG7DzhPw-UT7t33uEbnKDJZeJ0UvP9ulg=w24-h24-c-k-nd'}]",0,,,0
61,"{'badgeUrl': 'https://yt3.ggpht.com/Zqa1MPpZTUNz7qLEVCW_pzFH6Zh9sL1h08OodDe4x7pyW8g8nx4PlXwJ1QnPxuGXX6IZNV1n=s16-c-k', 'type': 'MEMBER', 'isVerified': False, 'isChatOwner': False, 'isChatSponsor': True, 'isChatModerator': False, 'channelId': 'UCIu-VX8ACfVLZjXV0HoItzA', 'channelUrl': 'http://www.youtube.com/channel/UCIu-VX8ACfVLZjXV0HoItzA', 'name': 'たこ', 'imageUrl': 'https://yt4.ggpht.com/ytc/AKedOLQ_WFuDF93C5kXtdENmlIfHO62pGbUhHqS1rhoU5w=s64-c-k-c0x00ffffff-no-rj'}",textMessage,CkUKGkNLLVgwb19xOHZZQ0ZiUUtmUW9kc1B3SGtnEidDS1R5aTR6cTh2WUNGYmxURHdJZHZmZ1BsZzE2NDg4MTQ4OTE4OTE%3D,2022-04-01 12:08:12.288,0:17,2022-04-01 21:08:12,ソロなんかww,['ソロなんかww'],0,,,0
62,"{'badgeUrl': '', 'type': '', 'isVerified': False, 'isChatOwner': False, 'isChatSponsor': False, 'isChatModerator': False, 'channelId': 'UCxPpx49OGaqZSl2fhPFZ7-Q', 'channelUrl': 'http://www.youtube.com/channel/UCxPpx49OGaqZSl2fhPFZ7-Q', 'name': 'Zarc Miragekeeper', 'imageUrl': 'https://yt4.ggpht.com/T7vNRHGeLSU1yqcb10KiE-LGEmOrAoiemF1j_dsoADq6TuxuB-Stend-syIPhVFM6rpkdzMKyqo=s64-c-k-c0x00ffffff-no-rj'}",textMessage,CjkKGkNKaXkzWkRxOHZZQ0ZmMF9yUVlkb1lVQnR3EhtDSjJWd3NEcDh2WUNGWUdpeEFvZFhMOE11UTA%3D,2022-04-01 12:08:14.569,0:19,2022-04-01 21:08:14,hi ars,['hi ars'],0,,,0
63,"{'badgeUrl': 'https://yt3.ggpht.com/Zqa1MPpZTUNz7qLEVCW_pzFH6Zh9sL1h08OodDe4x7pyW8g8nx4PlXwJ1QnPxuGXX6IZNV1n=s16-c-k', 'type': 'MEMBER', 'isVerified': False, 'isChatOwner': False, 'isChatSponsor': True, 'isChatModerator': False, 'channelId': 'UCocM_EHlpB37uwHWwhBoUtA', 'channelUrl': 'http://www.youtube.com/channel/UCocM_EHlpB37uwHWwhBoUtA', 'name': 'ゲーミングひやむぎ', 'imageUrl': 'https://yt4.ggpht.com/ytc/AKedOLRQ9WnCoqv9lFFYg8To5sYlDju0Hzv9TOMaazuC=s64-c-k-c0x00ffffff-no-rj'}",textMessage,CjkKGkNKYXc5WkRxOHZZQ0ZURXZyUVlkaTFrRWtnEhtDT1cyc09mcDh2WUNGY2ZyVEFJZGdpNENmQTA%3D,2022-04-01 12:08:14.962,0:19,2022-04-01 21:08:14,はじ:_arsm::_arsr::_rasbi:,"['はじ', {'id': 'pSSrXfiTD6-S_APZmoPgBg', 'txt': ':_arsm:', 'url': 'https://yt3.ggpht.com/0qcQMMGlKOtD3x4zS3OluvcghDAElHQ2sYE25T_R-lMb3zh7DacH4xkEqFOXxDTBPlQdqYaC4Q=w24-h24-c-k-nd'}, {'id': 'yyOrXaqoH4ep_AOBjq7oDA', 'txt': ':_arsr:', 'url': 'https://yt3.ggpht.com/9Q3PbGhT37--fiX2KcWRJGZ25iaJiJXSWdFSnkN-3yfh-HI8AHsKrffC7NiNwD8uRA5IaGTofiA=w24-h24-c-k-nd'}, {'id': 'GvTFXeaXBJP0-QOa-L-wBA', 'txt': ':_rasbi:', 'url': 'https://yt3.ggpht.com/gEmVV6o0Gs6Ogy2lwpEeh0dHjad7eFxbGtq9liefATYSL8_U-mJHynMcY3BIEtQcdmSIct7Z=w24-h24-c-k-nd'}]",0,,,0
64,"{'badgeUrl': 'https://yt3.ggpht.com/Zqa1MPpZTUNz7qLEVCW_pzFH6Zh9sL1h08OodDe4x7pyW8g8nx4PlXwJ1QnPxuGXX6IZNV1n=s16-c-k', 'type': 'MEMBER', 'isVerified': False, 'isChatOwner': False, 'isChatSponsor': True, 'isChatModerator': False, 'channelId': 'UCwcsbff_Q3mKTzPjBlsm1fQ', 'channelUrl': 'http://www.youtube.com/channel/UCwcsbff_Q3mKTzPjBlsm1fQ', 'name': 'だいばろり', 'imageUrl': 'https://yt4.ggpht.com/ytc/AKedOLTvIN4i-WbNJPEs4rbPMRotrpF9nO3PjQiR-6koaw=s64-c-k-c0x00ffffff-no-rj'}",textMessage,CjoKGkNOT1ktSkxxOHZZQ0ZYd1o1d29kVThFRUpBEhxDSnZtb3BEcTh2WUNGWUpjWUFvZDFQRUJRZy0w,2022-04-01 12:08:19.203,0:24,2022-04-01 21:08:19,:_taiki1::_taiki1::_taiki1:,"[{'id': '7W5EYvyCJMjm8wSdprfIBQ', 'txt': ':_taiki1:', 'url': 'https://yt3.ggpht.com/uoSuOIALa69YhNBF6oJvhm0Q7B1ASsVts0Fd9Pw-DjG7DzhPw-UT7t33uEbnKDJZeJ0UvP9ulg=w24-h24-c-k-nd'}, {'id': '7W5EYvyCJMjm8wSdprfIBQ', 'txt': ':_taiki1:', 'url': 'https://yt3.ggpht.com/uoSuOIALa69YhNBF6oJvhm0Q7B1ASsVts0Fd9Pw-DjG7DzhPw-UT7t33uEbnKDJZeJ0UvP9ulg=w24-h24-c-k-nd'}, {'id': '7W5EYvyCJMjm8wSdprfIBQ', 'txt': ':_taiki1:', 'url': 'https://yt3.ggpht.com/uoSuOIALa69YhNBF6oJvhm0Q7B1ASsVts0Fd9Pw-DjG7DzhPw-UT7t33uEbnKDJZeJ0UvP9ulg=w24-h24-c-k-nd'}]",0,,,0
65,"{'badgeUrl': 'https://yt3.ggpht.com/Zqa1MPpZTUNz7qLEVCW_pzFH6Zh9sL1h08OodDe4x7pyW8g8nx4PlXwJ1QnPxuGXX6IZNV1n=s16-c-k', 'type': 'MEMBER', 'isVerified': False, 'isChatOwner': False, 'isChatSponsor': True, 'isChatModerator': False, 'channelId': 'UCevF6MGTq5nONtoWENVepyA', 'channelUrl': 'http://www.youtube.com/channel/UCevF6MGTq5nONtoWENVepyA', 'name': '音瀬', 'imageUrl': 'https://yt4.ggpht.com/ytc/AKedOLS1ReA6008x3sQk6tCrEI1rzeOxD9SF2WINng1o=s64-c-k-c0x00ffffff-no-rj'}",textMessage,CjkKGkNJTGlzcFBxOHZZQ0ZZd0lyUVlkdExrR0p3EhtDT2pacG96cTh2WUNGY1ZKOVFVZFlNTUdRUTA%3D,2022-04-01 12:08:20.162,0:25,2022-04-01 21:08:20,:_taiki1:,"[{'id': '7W5EYvyCJMjm8wSdprfIBQ', 'txt': ':_taiki1:', 'url': 'https://yt3.ggpht.com/uoSuOIALa69YhNBF6oJvhm0Q7B1ASsVts0Fd9Pw-DjG7DzhPw-UT7t33uEbnKDJZeJ0UvP9ulg=w24-h24-c-k-nd'}]",0,,,0
66,"{'badgeUrl': 'https://yt3.ggpht.com/ca7feDM_oqGHL9YQepMNyHI9zZNTLjCsWGeQTl-KwyGELPF5HHSm6QWKw5WveCtbA3Ex911NFaw=s16-c-k', 'type': 'MEMBER', 'isVerified': False, 'isChatOwner': False, 'isChatSponsor': True, 'isChatModerator': False, 'channelId': 'UC9OaNeOzcQQgD6gbH2JenJg', 'channelUrl': 'http://www.youtube.com/channel/UC9OaNeOzcQQgD6gbH2JenJg', 'name': '水色鉛筆', 'imageUrl': 'https://yt4.ggpht.com/vCZOd0FCie25hFVHBtENRjXV4gxFBEO2Y_gpF25fGCywclLoXDbu06hCo8Si1MtYWPHBAeD3=s64-c-k-c0x00ffffff-no-rj'}",textMessage,CjoKGkNQYXYzWlBxOHZZQ0ZmSUdmUW9kWTFJSG5BEhxDSnEzdVBfbzh2WUNGWWhZS2dvZFZaQUlmZy0x,2022-04-01 12:08:20.860,0:25,2022-04-01 21:08:20,ついえら！,['ついえら！'],0,,,0
67,"{'badgeUrl': 'https://yt3.ggpht.com/Zqa1MPpZTUNz7qLEVCW_pzFH6Zh9sL1h08OodDe4x7pyW8g8nx4PlXwJ1QnPxuGXX6IZNV1n=s16-c-k', 'type': 'MEMBER', 'isVerified': False, 'isChatOwner': False, 'isChatSponsor': True, 'isChatModerator': False, 'channelId': 'UCjMfFWozALqdHnI2KI74NgQ', 'channelUrl': 'http://www.youtube.com/channel/UCjMfFWozALqdHnI2KI74NgQ', 'name': 'ma kao', 'imageUrl': 'https://yt4.ggpht.com/ytc/AKedOLSDpPZNL8MRMq9ipbVcJSXh5ii8F7YoepM7luqG=s64-c-k-c0x00ffffff-no-rj'}",textMessage,CjoKGkNNM184cFBxOHZZQ0ZmOElyUVlkUmVVUGpBEhxDUFc4cElucTh2WUNGYjZCVmdFZDlSUUpKdy0w,2022-04-01 12:08:21.215,0:26,2022-04-01 21:08:21,:_taiki1:,"[{'id': '7W5EYvyCJMjm8wSdprfIBQ', 'txt': ':_taiki1:', 'url': 'https://yt3.ggpht.com/uoSuOIALa69YhNBF6oJvhm0Q7B1ASsVts0Fd9Pw-DjG7DzhPw-UT7t33uEbnKDJZeJ0UvP9ulg=w24-h24-c-k-nd'}]",0,,,0
68,"{'badgeUrl': '', 'type': '', 'isVerified': False, 'isChatOwner': False, 'isChatSponsor': False, 'isChatModerator': False, 'channelId': 'UCHk9_qIUD3SVEu-BYt_EIkw', 'channelUrl': 'http://www.youtube.com/channel/UCHk9_qIUD3SVEu-BYt_EIkw', 'name': 'くたびれた村人H・T', 'imageUrl': 'https://yt4.ggpht.com/V7K5oOENu9YoaRy0kJrKrSrz0U1WznqtW-cTUoHukDTn7PKT1ukeP3LJlRJBUWZWnRUyg7KECg=s64-c-k-c0x00ffffff-no-rj'}",textMessage,CkUKGkNMcU0wcFRxOHZZQ0Zlc2VyUVlkVWNBQVJnEidDS0xIajRucTh2WUNGWk5VaFFvZHFTUURkUTE2NDg4MTQ5MDI4MzY%3D,2022-04-01 12:08:22.773,0:27,2022-04-01 21:08:22,ゴリラさんも募集してた気がするよー,['ゴリラさんも募集してた気がするよー'],0,,,0
69,"{'badgeUrl': 'https://yt3.ggpht.com/Zqa1MPpZTUNz7qLEVCW_pzFH6Zh9sL1h08OodDe4x7pyW8g8nx4PlXwJ1QnPxuGXX6IZNV1n=s16-c-k', 'type': 'MEMBER', 'isVerified': False, 'isChatOwner': False, 'isChatSponsor': True, 'isChatModerator': False, 'channelId': 'UCSBoSECqVaZn4xSE2v7poEg', 'channelUrl': 'http://www.youtube.com/channel/UCSBoSECqVaZn4xSE2v7poEg', 'name': 'カペル', 'imageUrl': 'https://yt4.ggpht.com/ytc/AKedOLQiK41a75YmSnBNYnqmpUidOGHnbykKrGJRpN40SA=s64-c-k-c0x00ffffff-no-rj'}",textMessage,CjoKGkNLeUMwNVRxOHZZQ0ZkTWxyUVlkcWNzTUp3EhxDTGFtMFpEcTh2WUNGZkJURHdJZE1rd0FlZy0w,2022-04-01 12:08:22.788,0:27,2022-04-01 21:08:22,はじ:_arsm::_arsr::_rasbi:,"['はじ', {'id': 'pSSrXfiTD6-S_APZmoPgBg', 'txt': ':_arsm:', 'url': 'https://yt3.ggpht.com/0qcQMMGlKOtD3x4zS3OluvcghDAElHQ2sYE25T_R-lMb3zh7DacH4xkEqFOXxDTBPlQdqYaC4Q=w24-h24-c-k-nd'}, {'id': 'yyOrXaqoH4ep_AOBjq7oDA', 'txt': ':_arsr:', 'url': 'https://yt3.ggpht.com/9Q3PbGhT37--fiX2KcWRJGZ25iaJiJXSWdFSnkN-3yfh-HI8AHsKrffC7NiNwD8uRA5IaGTofiA=w24-h24-c-k-nd'}, {'id': 'GvTFXeaXBJP0-QOa-L-wBA', 'txt': ':_rasbi:', 'url': 'https://yt3.ggpht.com/gEmVV6o0Gs6Ogy2lwpEeh0dHjad7eFxbGtq9liefATYSL8_U-mJHynMcY3BIEtQcdmSIct7Z=w24-h24-c-k-nd'}]",0,,,0
70,"{'badgeUrl': 'https://yt3.ggpht.com/Zqa1MPpZTUNz7qLEVCW_pzFH6Zh9sL1h08OodDe4x7pyW8g8nx4PlXwJ1QnPxuGXX6IZNV1n=s16-c-k', 'type': 'MEMBER', 'isVerified': False, 'isChatOwner': False, 'isChatSponsor': True, 'isChatModerator': False, 'channelId': 'UC8wCviiiKGrQyZAqlSbeDgQ', 'channelUrl': 'http://www.youtube.com/channel/UC8wCviiiKGrQyZAqlSbeDgQ', 'name': 'Y K', 'imageUrl': 'https://yt4.ggpht.com/ytc/AKedOLSlysxACMQHrN4ILXKG6HbklysDdMA8pBq1utt9qg=s64-c-k-c0x00ffffff-no-rj'}",textMessage,CjoKGkNJN1FnSlhxOHZZQ0ZaSUVmUW9kNW1jTUtBEhxDTWZGZ1pMcTh2WUNGWlJaWUFvZDNqa0VYUS0w,2022-04-01 12:08:23.535,0:28,2022-04-01 21:08:23,頑張れ〜,['頑張れ〜'],0,,,0
71,"{'badgeUrl': '', 'type': '', 'isVerified': False, 'isChatOwner': False, 'isChatSponsor': False, 'isChatModerator': False, 'channelId': 'UC29WrXRakqDNwHVw1ybkGYQ', 'channelUrl': 'http://www.youtube.com/channel/UC29WrXRakqDNwHVw1ybkGYQ', 'name': 'AZ0950137', 'imageUrl': 'https://yt4.ggpht.com/ytc/AKedOLSn9XiWsFzJX2pvd1OeSWLFjYxFRH4r-gZS93Rz=s64-c-k-c0x00ffffff-no-rj'}",textMessage,CjoKGkNOT0xtcFhxOHZZQ0ZmTUY1d29kc1VrRGtnEhxDUFBobTVEcTh2WUNGVDZhVmdFZGg3TUFKZy0w,2022-04-01 12:08:23.952,0:28,2022-04-01 21:08:23,狙われアルスかわゆい,['狙われアルスかわゆい'],0,,,0
72,"{'badgeUrl': 'https://yt3.ggpht.com/Zqa1MPpZTUNz7qLEVCW_pzFH6Zh9sL1h08OodDe4x7pyW8g8nx4PlXwJ1QnPxuGXX6IZNV1n=s16-c-k', 'type': 'MEMBER', 'isVerified': False, 'isChatOwner': False, 'isChatSponsor': True, 'isChatModerator': False, 'channelId': 'UC90i1dpdi-WzShVIgg-wAvQ', 'channelUrl': 'http://www.youtube.com/channel/UC90i1dpdi-WzShVIgg-wAvQ', 'name': 'とりてん', 'imageUrl': 'https://yt4.ggpht.com/ytc/AKedOLStHY-moHosNFqw9mNvf2aFlJYMcflMp55VgQ=s64-c-k-c0x00ffffff-no-rj'}",textMessage,CjkKGkNQTG5vNVhxOHZZQ0ZZNHFyUVlkeXYwSzBREhtDTGJyODhucDh2WUNGUUZWRHdJZDcwTUJpdzI%3D,2022-04-01 12:08:24.112,0:29,2022-04-01 21:08:24,はじ:_arsm::_arsr::_rasbi:,"['はじ', {'id': 'pSSrXfiTD6-S_APZmoPgBg', 'txt': ':_arsm:', 'url': 'https://yt3.ggpht.com/0qcQMMGlKOtD3x4zS3OluvcghDAElHQ2sYE25T_R-lMb3zh7DacH4xkEqFOXxDTBPlQdqYaC4Q=w24-h24-c-k-nd'}, {'id': 'yyOrXaqoH4ep_AOBjq7oDA', 'txt': ':_arsr:', 'url': 'https://yt3.ggpht.com/9Q3PbGhT37--fiX2KcWRJGZ25iaJiJXSWdFSnkN-3yfh-HI8AHsKrffC7NiNwD8uRA5IaGTofiA=w24-h24-c-k-nd'}, {'id': 'GvTFXeaXBJP0-QOa-L-wBA', 'txt': ':_rasbi:', 'url': 'https://yt3.ggpht.com/gEmVV6o0Gs6Ogy2lwpEeh0dHjad7eFxbGtq9liefATYSL8_U-mJHynMcY3BIEtQcdmSIct7Z=w24-h24-c-k-nd'}]",0,,,0
73,"{'badgeUrl': 'https://yt3.ggpht.com/Zqa1MPpZTUNz7qLEVCW_pzFH6Zh9sL1h08OodDe4x7pyW8g8nx4PlXwJ1QnPxuGXX6IZNV1n=s16-c-k', 'type': 'MEMBER', 'isVerified': False, 'isChatOwner': False, 'isChatSponsor': True, 'isChatModerator': False, 'channelId': 'UCjeQ4l6WrCpU8iBdRASmSaA', 'channelUrl': 'http://www.youtube.com/channel/UCjeQ4l6WrCpU8iBdRASmSaA', 'name': 'ウィキ', 'imageUrl': 'https://yt4.ggpht.com/ytc/AKedOLTtZWxHu1DAkBUOa1skmNVtSS3_foNNPoJoUVXj=s64-c-k-c0x00ffffff-no-rj'}",textMessage,CjkKGkNPS0kxNVhxOHZZQ0ZmTUY1d29kc1VrRGtnEhtDTVdDcFpucDh2WUNGV3BVaFFvZE5ROEVyZzE%3D,2022-04-01 12:08:24.951,0:29,2022-04-01 21:08:24,はじ:_arsm::_arsr::_rasbi:,"['はじ', {'id': 'pSSrXfiTD6-S_APZmoPgBg', 'txt': ':_arsm:', 'url': 'https://yt3.ggpht.com/0qcQMMGlKOtD3x4zS3OluvcghDAElHQ2sYE25T_R-lMb3zh7DacH4xkEqFOXxDTBPlQdqYaC4Q=w24-h24-c-k-nd'}, {'id': 'yyOrXaqoH4ep_AOBjq7oDA', 'txt': ':_arsr:', 'url': 'https://yt3.ggpht.com/9Q3PbGhT37--fiX2KcWRJGZ25iaJiJXSWdFSnkN-3yfh-HI8AHsKrffC7NiNwD8uRA5IaGTofiA=w24-h24-c-k-nd'}, {'id': 'GvTFXeaXBJP0-QOa-L-wBA', 'txt': ':_rasbi:', 'url': 'https://yt3.ggpht.com/gEmVV6o0Gs6Ogy2lwpEeh0dHjad7eFxbGtq9liefATYSL8_U-mJHynMcY3BIEtQcdmSIct7Z=w24-h24-c-k-nd'}]",0,,,0
74,"{'badgeUrl': 'https://yt3.ggpht.com/Zqa1MPpZTUNz7qLEVCW_pzFH6Zh9sL1h08OodDe4x7pyW8g8nx4PlXwJ1QnPxuGXX6IZNV1n=s16-c-k', 'type': 'MEMBER', 'isVerified': False, 'isChatOwner': False, 'isChatSponsor': True, 'isChatModerator': False, 'channelId': 'UCMyjrvs_yrmS_0YfhmMQdQw', 'channelUrl': 'http://www.youtube.com/channel/UCMyjrvs_yrmS_0YfhmMQdQw', 'name': 'マグチャ', 'imageUrl': 'https://yt4.ggpht.com/ytc/AKedOLQsqRjSmK4T8H1P9_Sntg3QkVnMgCcRhWp3cWYj=s64-c-k-c0x00ffffff-no-rj'}",textMessage,CkUKGkNJaVE4cFhxOHZZQ0ZSZ3FyUVlkeks0RUp3EidDS3ZPaXBUcTh2WUNGWjIxVmdFZFpKc1BKQTE2NDg4MTQ5MDQ4MTA%3D,2022-04-01 12:08:25.395,0:30,2022-04-01 21:08:25,:_taiki1::_taiki1::_taiki1:,"[{'id': '7W5EYvyCJMjm8wSdprfIBQ', 'txt': ':_taiki1:', 'url': 'https://yt3.ggpht.com/uoSuOIALa69YhNBF6oJvhm0Q7B1ASsVts0Fd9Pw-DjG7DzhPw-UT7t33uEbnKDJZeJ0UvP9ulg=w24-h24-c-k-nd'}, {'id': '7W5EYvyCJMjm8wSdprfIBQ', 'txt': ':_taiki1:', 'url': 'https://yt3.ggpht.com/uoSuOIALa69YhNBF6oJvhm0Q7B1ASsVts0Fd9Pw-DjG7DzhPw-UT7t33uEbnKDJZeJ0UvP9ulg=w24-h24-c-k-nd'}, {'id': '7W5EYvyCJMjm8wSdprfIBQ', 'txt': ':_taiki1:', 'url': 'https://yt3.ggpht.com/uoSuOIALa69YhNBF6oJvhm0Q7B1ASsVts0Fd9Pw-DjG7DzhPw-UT7t33uEbnKDJZeJ0UvP9ulg=w24-h24-c-k-nd'}]",0,,,0
75,"{'badgeUrl': 'https://yt3.ggpht.com/Zqa1MPpZTUNz7qLEVCW_pzFH6Zh9sL1h08OodDe4x7pyW8g8nx4PlXwJ1QnPxuGXX6IZNV1n=s16-c-k', 'type': 'MEMBER', 'isVerified': False, 'isChatOwner': False, 'isChatSponsor': True, 'isChatModerator': False, 'channelId': 'UCy97wEbOGduJ3IbjXOloSpg', 'channelUrl': 'http://www.youtube.com/channel/UCy97wEbOGduJ3IbjXOloSpg', 'name': 'がばい水【みず】', 'imageUrl': 'https://yt4.ggpht.com/ytc/AKedOLRUO1ytJLf0aC8BwZPsKglvfuNn6haqYkFj-TUx=s64-c-k-c0x00ffffff-no-rj'}",textMessage,CkUKGkNQakE5NVhxOHZZQ0ZYd1o1d29kVThFRUpBEidDUEMzNUpMcTh2WUNGUW9aV0FvZGhSMENTdzE2NDg4MTQ5MDQ5NDE%3D,2022-04-01 12:08:25.483,0:30,2022-04-01 21:08:25,はじ:_arsm::_arsr::_rasbi:,"['はじ', {'id': 'pSSrXfiTD6-S_APZmoPgBg', 'txt': ':_arsm:', 'url': 'https://yt3.ggpht.com/0qcQMMGlKOtD3x4zS3OluvcghDAElHQ2sYE25T_R-lMb3zh7DacH4xkEqFOXxDTBPlQdqYaC4Q=w24-h24-c-k-nd'}, {'id': 'yyOrXaqoH4ep_AOBjq7oDA', 'txt': ':_arsr:', 'url': 'https://yt3.ggpht.com/9Q3PbGhT37--fiX2KcWRJGZ25iaJiJXSWdFSnkN-3yfh-HI8AHsKrffC7NiNwD8uRA5IaGTofiA=w24-h24-c-k-nd'}, {'id': 'GvTFXeaXBJP0-QOa-L-wBA', 'txt': ':_rasbi:', 'url': 'https://yt3.ggpht.com/gEmVV6o0Gs6Ogy2lwpEeh0dHjad7eFxbGtq9liefATYSL8_U-mJHynMcY3BIEtQcdmSIct7Z=w24-h24-c-k-nd'}]",0,,,0
76,"{'badgeUrl': '', 'type': '', 'isVerified': False, 'isChatOwner': False, 'isChatSponsor': False, 'isChatModerator': False, 'channelId': 'UC44wIxLLfuGD7AW84jzHNlA', 'channelUrl': 'http://www.youtube.com/channel/UC44wIxLLfuGD7AW84jzHNlA', 'name': 'こーし', 'imageUrl': 'https://yt4.ggpht.com/ytc/AKedOLQepxRGfzU6Jga7eN9u46EqprnP-rPA58I2IWAn=s64-c-k-c0x00ffffff-no-rj'}",textMessage,CjoKGkNMdll0cGJxOHZZQ0ZjZ0hyUVlkM2lFTXZBEhxDTW1BczVIcTh2WUNGVWU5VmdFZDBka0dMUS0w,2022-04-01 12:08:26.518,0:31,2022-04-01 21:08:26,誰と出るんや？,['誰と出るんや？'],0,,,0
77,"{'badgeUrl': 'https://yt3.ggpht.com/5adhSlzxWFjowZKIPrqaS-94N-NYGJBi3QOStZ77ThoshDPHnC4VfrxRypHNhrfR2UtqhG11rLc=s16-c-k', 'type': 'MEMBER', 'isVerified': False, 'isChatOwner': False, 'isChatSponsor': True, 'isChatModerator': False, 'channelId': 'UCqXob2GA4lq1y1UM_fx1d3Q', 'channelUrl': 'http://www.youtube.com/channel/UCqXob2GA4lq1y1UM_fx1d3Q', 'name': 'onoka', 'imageUrl': 'https://yt4.ggpht.com/mTer_IOlw7sr8jkJeWiOzfk4J88OL-erYfJLO8si78RFlPH9qnL8u0L9ec_uFqfVVrzDH5YcZg=s64-c-k-c0x00ffffff-no-rj'}",textMessage,CkUKGkNPM1AtcGJxOHZZQ0ZjY1ZyUVlkR2ZvSkpREidDSy01a1pUcTh2WUNGUnBqWUFvZFI1VUxQUTE2NDg4MTQ5MDY4ODQ%3D,2022-04-01 12:08:27.631,0:32,2022-04-01 21:08:27,はじ:_arsm::_arsr::_rasbi:,"['はじ', {'id': 'pSSrXfiTD6-S_APZmoPgBg', 'txt': ':_arsm:', 'url': 'https://yt3.ggpht.com/0qcQMMGlKOtD3x4zS3OluvcghDAElHQ2sYE25T_R-lMb3zh7DacH4xkEqFOXxDTBPlQdqYaC4Q=w24-h24-c-k-nd'}, {'id': 'yyOrXaqoH4ep_AOBjq7oDA', 'txt': ':_arsr:', 'url': 'https://yt3.ggpht.com/9Q3PbGhT37--fiX2KcWRJGZ25iaJiJXSWdFSnkN-3yfh-HI8AHsKrffC7NiNwD8uRA5IaGTofiA=w24-h24-c-k-nd'}, {'id': 'GvTFXeaXBJP0-QOa-L-wBA', 'txt': ':_rasbi:', 'url': 'https://yt3.ggpht.com/gEmVV6o0Gs6Ogy2lwpEeh0dHjad7eFxbGtq9liefATYSL8_U-mJHynMcY3BIEtQcdmSIct7Z=w24-h24-c-k-nd'}]",0,,,0
78,"{'badgeUrl': 'https://yt3.ggpht.com/5adhSlzxWFjowZKIPrqaS-94N-NYGJBi3QOStZ77ThoshDPHnC4VfrxRypHNhrfR2UtqhG11rLc=s16-c-k', 'type': 'MEMBER', 'isVerified': False, 'isChatOwner': False, 'isChatSponsor': True, 'isChatModerator': False, 'channelId': 'UC2BqoYeLDEFOHjVNNoqxy0w', 'channelUrl': 'http://www.youtube.com/channel/UC2BqoYeLDEFOHjVNNoqxy0w', 'name': '四角い瞳_Square eye', 'imageUrl': 'https://yt4.ggpht.com/ytc/AKedOLTmtSfJf1pSBIgV3v51mnO-t7Gu98qbFTeG_7iXmw=s64-c-k-c0x00ffffff-no-rj'}",textMessage,CjkKGkNJcnExSmZxOHZZQ0Zkcnl3UW9kNU5jSExnEhtDTTd2eElmcTh2WUNGUVBrVVFvZHlnQU5QdzE%3D,2022-04-01 12:08:29.109,0:34,2022-04-01 21:08:29,はじ:_arsm::_arsr:,"['はじ', {'id': 'pSSrXfiTD6-S_APZmoPgBg', 'txt': ':_arsm:', 'url': 'https://yt3.ggpht.com/0qcQMMGlKOtD3x4zS3OluvcghDAElHQ2sYE25T_R-lMb3zh7DacH4xkEqFOXxDTBPlQdqYaC4Q=w24-h24-c-k-nd'}, {'id': 'yyOrXaqoH4ep_AOBjq7oDA', 'txt': ':_arsr:', 'url': 'https://yt3.ggpht.com/9Q3PbGhT37--fiX2KcWRJGZ25iaJiJXSWdFSnkN-3yfh-HI8AHsKrffC7NiNwD8uRA5IaGTofiA=w24-h24-c-k-nd'}]",0,,,0
79,"{'badgeUrl': 'https://yt3.ggpht.com/ca7feDM_oqGHL9YQepMNyHI9zZNTLjCsWGeQTl-KwyGELPF5HHSm6QWKw5WveCtbA3Ex911NFaw=s16-c-k', 'type': 'MEMBER', 'isVerified': False, 'isChatOwner': False, 'isChatSponsor': True, 'isChatModerator': False, 'channelId': 'UCocPAu5zrNX9ZBq0T_EZpAQ', 'channelUrl': 'http://www.youtube.com/channel/UCocPAu5zrNX9ZBq0T_EZpAQ', 'name': 'やち', 'imageUrl': 'https://yt4.ggpht.com/CpPhJvn6WFKnn_80JgU8k5GQ5mx8WNVElgzJgoyeyb_NpxTSi5Yu1mPacWrqnw1JpRYnj9GH=s64-c-k-c0x00ffffff-no-rj'}",textMessage,CjoKGkNKbjlfSmZxOHZZQ0ZaQTFyUVlkeHhJTjl3EhxDTm1uclpMcTh2WUNGUzVMRHdJZGFUME1sUS0w,2022-04-01 12:08:29.767,0:34,2022-04-01 21:08:29,:_taiki1:,"[{'id': '7W5EYvyCJMjm8wSdprfIBQ', 'txt': ':_taiki1:', 'url': 'https://yt3.ggpht.com/uoSuOIALa69YhNBF6oJvhm0Q7B1ASsVts0Fd9Pw-DjG7DzhPw-UT7t33uEbnKDJZeJ0UvP9ulg=w24-h24-c-k-nd'}]",0,,,0
80,"{'badgeUrl': 'https://yt3.ggpht.com/Zqa1MPpZTUNz7qLEVCW_pzFH6Zh9sL1h08OodDe4x7pyW8g8nx4PlXwJ1QnPxuGXX6IZNV1n=s16-c-k', 'type': 'MEMBER', 'isVerified': False, 'isChatOwner': False, 'isChatSponsor': True, 'isChatModerator': False, 'channelId': 'UCz6fJyOZGcTDlETvdE2ODcA', 'channelUrl': 'http://www.youtube.com/channel/UCz6fJyOZGcTDlETvdE2ODcA', 'name': 'ティシュタル', 'imageUrl': 'https://yt4.ggpht.com/ytc/AKedOLSe3wJM5Vwpn8nksGUn9D7onaMHjRk2Xc-Ch6b9=s64-c-k-c0x00ffffff-no-rj'}",textMessage,CjoKGkNJQzQ0cGpxOHZZQ0ZRczdyUVlkWGEwQ0VnEhxDT2lpcDVUcTh2WUNGZDJGVmdFZFFEa0JMQS0w,2022-04-01 12:08:31.429,0:36,2022-04-01 21:08:31,はじマル！,['はじマル！'],0,,,0
81,"{'badgeUrl': 'https://yt3.ggpht.com/Zqa1MPpZTUNz7qLEVCW_pzFH6Zh9sL1h08OodDe4x7pyW8g8nx4PlXwJ1QnPxuGXX6IZNV1n=s16-c-k', 'type': 'MEMBER', 'isVerified': False, 'isChatOwner': False, 'isChatSponsor': True, 'isChatModerator': False, 'channelId': 'UC2W-NNflPdx6Wl5fjs_nwVQ', 'channelUrl': 'http://www.youtube.com/channel/UC2W-NNflPdx6Wl5fjs_nwVQ', 'name': 'masato 51', 'imageUrl': 'https://yt4.ggpht.com/ytc/AKedOLRGCyMScEUiZ3coR7efkQ-HHZzt2usuglHm6ARd=s64-c-k-c0x00ffffff-no-rj'}",textMessage,CjkKGkNJRzg3SmpxOHZZQ0ZmMF9yUVlkb1lVQnR3EhtDTmVQN2U3cDh2WUNGY2xKOVFVZEdhVUozdzE%3D,2022-04-01 12:08:31.594,0:36,2022-04-01 21:08:31,今日は誰とかな〜,['今日は誰とかな〜'],0,,,0
82,"{'badgeUrl': 'https://yt3.ggpht.com/5adhSlzxWFjowZKIPrqaS-94N-NYGJBi3QOStZ77ThoshDPHnC4VfrxRypHNhrfR2UtqhG11rLc=s16-c-k', 'type': 'MEMBER', 'isVerified': False, 'isChatOwner': False, 'isChatSponsor': True, 'isChatModerator': False, 'channelId': 'UC33D6OcqL9sxI8uZ1AeJclw', 'channelUrl': 'http://www.youtube.com/channel/UC33D6OcqL9sxI8uZ1AeJclw', 'name': '真昼ノ夜', 'imageUrl': 'https://yt4.ggpht.com/mNFdrKKQzyjKExAJ64PQ4r9aqkKmMIYiR3fmBXDAcyzfeGASgvAUVO5_9X-JrKlvOGgVUC08=s64-c-k-c0x00ffffff-no-rj'}",textMessage,CjoKGkNNeUpsWnJxOHZZQ0ZTY09yUVlkRzh3QXZBEhxDT196cnBYcTh2WUNGWEJSRHdJZDAzWU9Gdy0w,2022-04-01 12:08:34.356,0:39,2022-04-01 21:08:34,:_taiki1::_taiki1::_taiki1:,"[{'id': '7W5EYvyCJMjm8wSdprfIBQ', 'txt': ':_taiki1:', 'url': 'https://yt3.ggpht.com/uoSuOIALa69YhNBF6oJvhm0Q7B1ASsVts0Fd9Pw-DjG7DzhPw-UT7t33uEbnKDJZeJ0UvP9ulg=w24-h24-c-k-nd'}, {'id': '7W5EYvyCJMjm8wSdprfIBQ', 'txt': ':_taiki1:', 'url': 'https://yt3.ggpht.com/uoSuOIALa69YhNBF6oJvhm0Q7B1ASsVts0Fd9Pw-DjG7DzhPw-UT7t33uEbnKDJZeJ0UvP9ulg=w24-h24-c-k-nd'}, {'id': '7W5EYvyCJMjm8wSdprfIBQ', 'txt': ':_taiki1:', 'url': 'https://yt3.ggpht.com/uoSuOIALa69YhNBF6oJvhm0Q7B1ASsVts0Fd9Pw-DjG7DzhPw-UT7t33uEbnKDJZeJ0UvP9ulg=w24-h24-c-k-nd'}]",0,,,0
83,"{'badgeUrl': 'https://yt3.ggpht.com/Zqa1MPpZTUNz7qLEVCW_pzFH6Zh9sL1h08OodDe4x7pyW8g8nx4PlXwJ1QnPxuGXX6IZNV1n=s16-c-k', 'type': 'MEMBER', 'isVerified': False, 'isChatOwner': False, 'isChatSponsor': True, 'isChatModerator': False, 'channelId': 'UCckyYwRKEJYoOeVWHr6PUhw', 'channelUrl': 'http://www.youtube.com/channel/UCckyYwRKEJYoOeVWHr6PUhw', 'name': 'ぽん', 'imageUrl': 'https://yt4.ggpht.com/ytc/AKedOLQUOfFlHHpVMr_TihY7xms142g4QNdhg3H9MI1e=s64-c-k-c0x00ffffff-no-rj'}",textMessage,CjkKGkNKQ0kxcHJxOHZZQ0ZaazByUVlkYlRBQ0p3EhtDSWExbkpEcTh2WUNGZFpJOVFVZGE2RURSUTA%3D,2022-04-01 12:08:35.421,0:40,2022-04-01 21:08:35,:_taiki1::_taiki1::_taiki1:,"[{'id': '7W5EYvyCJMjm8wSdprfIBQ', 'txt': ':_taiki1:', 'url': 'https://yt3.ggpht.com/uoSuOIALa69YhNBF6oJvhm0Q7B1ASsVts0Fd9Pw-DjG7DzhPw-UT7t33uEbnKDJZeJ0UvP9ulg=w24-h24-c-k-nd'}, {'id': '7W5EYvyCJMjm8wSdprfIBQ', 'txt': ':_taiki1:', 'url': 'https://yt3.ggpht.com/uoSuOIALa69YhNBF6oJvhm0Q7B1ASsVts0Fd9Pw-DjG7DzhPw-UT7t33uEbnKDJZeJ0UvP9ulg=w24-h24-c-k-nd'}, {'id': '7W5EYvyCJMjm8wSdprfIBQ', 'txt': ':_taiki1:', 'url': 'https://yt3.ggpht.com/uoSuOIALa69YhNBF6oJvhm0Q7B1ASsVts0Fd9Pw-DjG7DzhPw-UT7t33uEbnKDJZeJ0UvP9ulg=w24-h24-c-k-nd'}]",0,,,0
84,"{'badgeUrl': 'https://yt3.ggpht.com/ca7feDM_oqGHL9YQepMNyHI9zZNTLjCsWGeQTl-KwyGELPF5HHSm6QWKw5WveCtbA3Ex911NFaw=s16-c-k', 'type': 'MEMBER', 'isVerified': False, 'isChatOwner': False, 'isChatSponsor': True, 'isChatModerator': False, 'channelId': 'UCqIZxAAlRfhwbxjmUyt38Kw', 'channelUrl': 'http://www.youtube.com/channel/UCqIZxAAlRfhwbxjmUyt38Kw', 'name': 'M A', 'imageUrl': 'https://yt4.ggpht.com/82mFhyTXx8iHHHub47W10WmYCtErPx8SFk55fg4SWHoJIZI4WEjqIuplOAnv5RwnPPh_yAHdM-c=s64-c-k-c0x00ffffff-no-rj'}",textMessage,CjoKGkNMS2NtSnZxOHZZQ0ZTOE1yUVlkV2xJQ2tnEhxDTHF6d1pmcTh2WUNGUU9RV0FvZHFsc0k2US0w,2022-04-01 12:08:36.505,0:41,2022-04-01 21:08:36,:_taiki1:,"[{'id': '7W5EYvyCJMjm8wSdprfIBQ', 'txt': ':_taiki1:', 'url': 'https://yt3.ggpht.com/uoSuOIALa69YhNBF6oJvhm0Q7B1ASsVts0Fd9Pw-DjG7DzhPw-UT7t33uEbnKDJZeJ0UvP9ulg=w24-h24-c-k-nd'}]",0,,,0
85,"{'badgeUrl': 'https://yt3.ggpht.com/VZDyy2Pr96SEMnM6YTrjFWM4I53EKcNII8fGcFOeq1PQff2tdBZB2vl3BKot0uJrUMoQGiJS=s16-c-k', 'type': 'MEMBER', 'isVerified': False, 'isChatOwner': False, 'isChatSponsor': True, 'isChatModerator': False, 'channelId': 'UC0rJmD-GHJ3cckUSsGXYdIA', 'channelUrl': 'http://www.youtube.com/channel/UC0rJmD-GHJ3cckUSsGXYdIA', 'name': 'Haruka', 'imageUrl': 'https://yt4.ggpht.com/ln8CiHJmWpvqQh8IHp7cp45yE2L80mzn1Y4hwaH4gUsraOkB59GNrGGEL-SpAok20m26IBm0kiA=s64-c-k-c0x00ffffff-no-rj'}",textMessage,CjoKGkNNcTltWnZxOHZZQ0ZiUUtmUW9kc1B3SGtnEhxDTlBWdXBmcTh2WUNGUkloV0FvZHlla0VlZy0w,2022-04-01 12:08:36.525,0:41,2022-04-01 21:08:36,マルちゃんソロ？,['マルちゃんソロ？'],0,,,0
86,"{'badgeUrl': '', 'type': '', 'isVerified': False, 'isChatOwner': False, 'isChatSponsor': False, 'isChatModerator': False, 'channelId': 'UCx-6U6tbVR7B08Pvc8t3Epw', 'channelUrl': 'http://www.youtube.com/channel/UCx-6U6tbVR7B08Pvc8t3Epw', 'name': 'じーまる君', 'imageUrl': 'https://yt4.ggpht.com/AnHj4_E5VdBIfVp2SBhGivmLDG8ij2JMe9D8EaZ35mMAFbrgzxQCZLYp8f_LFmD7Lf6fgdCKjw=s64-c-k-c0x00ffffff-no-rj'}",textMessage,CjoKGkNMR2V6cHZxOHZZQ0ZTVXFyUVlkd1VBTEx3EhxDUEtWOHBMcTh2WUNGWUJDRHdJZE9Bc0xlUS0w,2022-04-01 12:08:37.390,0:42,2022-04-01 21:08:37,休憩できたかな？,['休憩できたかな？'],0,,,0
87,"{'badgeUrl': 'https://yt3.ggpht.com/Zqa1MPpZTUNz7qLEVCW_pzFH6Zh9sL1h08OodDe4x7pyW8g8nx4PlXwJ1QnPxuGXX6IZNV1n=s16-c-k', 'type': 'MEMBER', 'isVerified': False, 'isChatOwner': False, 'isChatSponsor': True, 'isChatModerator': False, 'channelId': 'UCxA7kvD4QDHSiWolSd80WdA', 'channelUrl': 'http://www.youtube.com/channel/UCxA7kvD4QDHSiWolSd80WdA', 'name': 'Lexis', 'imageUrl': 'https://yt4.ggpht.com/ytc/AKedOLSduCv8pUwx56cyV8K4PLoMvOgPLn4Z_JQsNKyx=s64-c-k-c0x00ffffff-no-rj'}",textMessage,CjkKGkNMaWw3SnZxOHZZQ0ZSb2JyUVlkRFVFQkVREhtDSU90aUpQcTh2WUNGWWtXS2dvZG5xZ0c3QTA%3D,2022-04-01 12:08:37.882,0:42,2022-04-01 21:08:37,:_taiki1:,"[{'id': '7W5EYvyCJMjm8wSdprfIBQ', 'txt': ':_taiki1:', 'url': 'https://yt3.ggpht.com/uoSuOIALa69YhNBF6oJvhm0Q7B1ASsVts0Fd9Pw-DjG7DzhPw-UT7t33uEbnKDJZeJ0UvP9ulg=w24-h24-c-k-nd'}]",0,,,0
88,"{'badgeUrl': '', 'type': '', 'isVerified': False, 'isChatOwner': False, 'isChatSponsor': False, 'isChatModerator': False, 'channelId': 'UClIj_Ok0Sj5HRGma-PEU70Q', 'channelUrl': 'http://www.youtube.com/channel/UClIj_Ok0Sj5HRGma-PEU70Q', 'name': '八神みや', 'imageUrl': 'https://yt4.ggpht.com/ytc/AKedOLSLIxOQXx8hQCaIz5mh7OrcenGhJ1HZsLUMRrsEtQ=s64-c-k-c0x00ffffff-no-rj'}",textMessage,CjkKGkNKMnVtcHpxOHZZQ0ZYd1o1d29kVThFRUpBEhtDTnlRaUpYcTh2WUNGU09tVmdFZC1Qa09zdzA%3D,2022-04-01 12:08:38.637,0:43,2022-04-01 21:08:38,まるまるー,['まるまるー'],0,,,0
89,"{'badgeUrl': 'https://yt3.ggpht.com/Zqa1MPpZTUNz7qLEVCW_pzFH6Zh9sL1h08OodDe4x7pyW8g8nx4PlXwJ1QnPxuGXX6IZNV1n=s16-c-k', 'type': 'MEMBER', 'isVerified': False, 'isChatOwner': False, 'isChatSponsor': True, 'isChatModerator': False, 'channelId': 'UCWRrZmNTfyyw3tNTjz1ATQA', 'channelUrl': 'http://www.youtube.com/channel/UCWRrZmNTfyyw3tNTjz1ATQA', 'name': '電脳デカダンス.', 'imageUrl': 'https://yt4.ggpht.com/ytc/AKedOLQgnWr-TWB0zUaaSLBqLtKHo62MBuPqy1WQaakl=s64-c-k-c0x00ffffff-no-rj'}",textMessage,CjkKGkNKWFFvcHpxOHZZQ0ZZNHFyUVlkeXYwSzBREhtDSkRtN296cTh2WUNGZkZIRHdJZENhMExHUTA%3D,2022-04-01 12:08:38.772,0:43,2022-04-01 21:08:38,はじ:_arsm::_arsr::_rasbi:,"['はじ', {'id': 'pSSrXfiTD6-S_APZmoPgBg', 'txt': ':_arsm:', 'url': 'https://yt3.ggpht.com/0qcQMMGlKOtD3x4zS3OluvcghDAElHQ2sYE25T_R-lMb3zh7DacH4xkEqFOXxDTBPlQdqYaC4Q=w24-h24-c-k-nd'}, {'id': 'yyOrXaqoH4ep_AOBjq7oDA', 'txt': ':_arsr:', 'url': 'https://yt3.ggpht.com/9Q3PbGhT37--fiX2KcWRJGZ25iaJiJXSWdFSnkN-3yfh-HI8AHsKrffC7NiNwD8uRA5IaGTofiA=w24-h24-c-k-nd'}, {'id': 'GvTFXeaXBJP0-QOa-L-wBA', 'txt': ':_rasbi:', 'url': 'https://yt3.ggpht.com/gEmVV6o0Gs6Ogy2lwpEeh0dHjad7eFxbGtq9liefATYSL8_U-mJHynMcY3BIEtQcdmSIct7Z=w24-h24-c-k-nd'}]",0,,,0
90,"{'badgeUrl': 'https://yt3.ggpht.com/Zqa1MPpZTUNz7qLEVCW_pzFH6Zh9sL1h08OodDe4x7pyW8g8nx4PlXwJ1QnPxuGXX6IZNV1n=s16-c-k', 'type': 'MEMBER', 'isVerified': False, 'isChatOwner': False, 'isChatSponsor': True, 'isChatModerator': False, 'channelId': 'UCkhSDVMbIGnqa08fnee5HUg', 'channelUrl': 'http://www.youtube.com/channel/UCkhSDVMbIGnqa08fnee5HUg', 'name': 'おむすびくまたん', 'imageUrl': 'https://yt4.ggpht.com/ytc/AKedOLR1Zo8Zk88qCGdbEOS84KFeQ3UzqPdhXnygjyhP6g=s64-c-k-c0x00ffffff-no-rj'}",textMessage,CjoKGkNMZWl3NXpxOHZZQ0ZiUUtmUW9kc1B3SGtnEhxDTmlOd29mcTh2WUNGWGhEaFFvZERVY0NXQS0x,2022-04-01 12:08:39.307,0:44,2022-04-01 21:08:39,はじ:_arsm::_arsr::_rasbi:,"['はじ', {'id': 'pSSrXfiTD6-S_APZmoPgBg', 'txt': ':_arsm:', 'url': 'https://yt3.ggpht.com/0qcQMMGlKOtD3x4zS3OluvcghDAElHQ2sYE25T_R-lMb3zh7DacH4xkEqFOXxDTBPlQdqYaC4Q=w24-h24-c-k-nd'}, {'id': 'yyOrXaqoH4ep_AOBjq7oDA', 'txt': ':_arsr:', 'url': 'https://yt3.ggpht.com/9Q3PbGhT37--fiX2KcWRJGZ25iaJiJXSWdFSnkN-3yfh-HI8AHsKrffC7NiNwD8uRA5IaGTofiA=w24-h24-c-k-nd'}, {'id': 'GvTFXeaXBJP0-QOa-L-wBA', 'txt': ':_rasbi:', 'url': 'https://yt3.ggpht.com/gEmVV6o0Gs6Ogy2lwpEeh0dHjad7eFxbGtq9liefATYSL8_U-mJHynMcY3BIEtQcdmSIct7Z=w24-h24-c-k-nd'}]",0,,,0
91,"{'badgeUrl': 'https://yt3.ggpht.com/Zqa1MPpZTUNz7qLEVCW_pzFH6Zh9sL1h08OodDe4x7pyW8g8nx4PlXwJ1QnPxuGXX6IZNV1n=s16-c-k', 'type': 'MEMBER', 'isVerified': False, 'isChatOwner': False, 'isChatSponsor': True, 'isChatModerator': False, 'channelId': 'UCi2RAPYuG4gVnETPGSuY5FA', 'channelUrl': 'http://www.youtube.com/channel/UCi2RAPYuG4gVnETPGSuY5FA', 'name': 'ちろる', 'imageUrl': 'https://yt4.ggpht.com/ytc/AKedOLQV5Jj104JzbrQ1uzGWsQRV-Hws6LE9_4rarkev=s64-c-k-c0x00ffffff-no-rj'}",textMessage,CjoKGkNJRG4xWnpxOHZZQ0ZmUUc1d29kSUM4RGpBEhxDSmJVckkzcTh2WUNGU1RsVEFJZHhXME1ZUS0w,2022-04-01 12:08:39.611,0:44,2022-04-01 21:08:39,:_taiki1::_taiki1::_arshati:,"[{'id': '7W5EYvyCJMjm8wSdprfIBQ', 'txt': ':_taiki1:', 'url': 'https://yt3.ggpht.com/uoSuOIALa69YhNBF6oJvhm0Q7B1ASsVts0Fd9Pw-DjG7DzhPw-UT7t33uEbnKDJZeJ0UvP9ulg=w24-h24-c-k-nd'}, {'id': '7W5EYvyCJMjm8wSdprfIBQ', 'txt': ':_taiki1:', 'url': 'https://yt3.ggpht.com/uoSuOIALa69YhNBF6oJvhm0Q7B1ASsVts0Fd9Pw-DjG7DzhPw-UT7t33uEbnKDJZeJ0UvP9ulg=w24-h24-c-k-nd'}, {'id': '5YG0XZ6rNcOS-gP60JW4Cg', 'txt': ':_arshati:', 'url': 'https://yt3.ggpht.com/tCyaayNtZLbQ2KX9CLoll_vTFjCY7TAb7m7YcRkwyT_P6Y-bpZXq1_h5vtzAtxIplslBZr_O7CY=w24-h24-c-k-nd'}]",0,,,0
92,"{'badgeUrl': 'https://yt3.ggpht.com/Zqa1MPpZTUNz7qLEVCW_pzFH6Zh9sL1h08OodDe4x7pyW8g8nx4PlXwJ1QnPxuGXX6IZNV1n=s16-c-k', 'type': 'MEMBER', 'isVerified': False, 'isChatOwner': False, 'isChatSponsor': True, 'isChatModerator': False, 'channelId': 'UCoywxfvxVL-Nhjl1Iz0fkDg', 'channelUrl': 'http://www.youtube.com/channel/UCoywxfvxVL-Nhjl1Iz0fkDg', 'name': 'フンダル', 'imageUrl': 'https://yt4.ggpht.com/ytc/AKedOLT-cdWsBUHPhenF-5coRW7AdxOEsz90d5bBisO8Ow=s64-c-k-c0x00ffffff-no-rj'}",textMessage,CkUKGkNJN0dyNTNxOHZZQ0ZlUU01d29kZUkwTll3EidDTk9Ga3BqcTh2WUNGVmU0VmdFZHlTRUxvQTE2NDg4MTQ5MTk2OTg%3D,2022-04-01 12:08:41.081,0:46,2022-04-01 21:08:41,はじ:_arsm::_arsr::_rasbi:,"['はじ', {'id': 'pSSrXfiTD6-S_APZmoPgBg', 'txt': ':_arsm:', 'url': 'https://yt3.ggpht.com/0qcQMMGlKOtD3x4zS3OluvcghDAElHQ2sYE25T_R-lMb3zh7DacH4xkEqFOXxDTBPlQdqYaC4Q=w24-h24-c-k-nd'}, {'id': 'yyOrXaqoH4ep_AOBjq7oDA', 'txt': ':_arsr:', 'url': 'https://yt3.ggpht.com/9Q3PbGhT37--fiX2KcWRJGZ25iaJiJXSWdFSnkN-3yfh-HI8AHsKrffC7NiNwD8uRA5IaGTofiA=w24-h24-c-k-nd'}, {'id': 'GvTFXeaXBJP0-QOa-L-wBA', 'txt': ':_rasbi:', 'url': 'https://yt3.ggpht.com/gEmVV6o0Gs6Ogy2lwpEeh0dHjad7eFxbGtq9liefATYSL8_U-mJHynMcY3BIEtQcdmSIct7Z=w24-h24-c-k-nd'}]",0,,,0
93,"{'badgeUrl': 'https://yt3.ggpht.com/Zqa1MPpZTUNz7qLEVCW_pzFH6Zh9sL1h08OodDe4x7pyW8g8nx4PlXwJ1QnPxuGXX6IZNV1n=s16-c-k', 'type': 'MEMBER', 'isVerified': False, 'isChatOwner': False, 'isChatSponsor': True, 'isChatModerator': False, 'channelId': 'UCPoauzCeGGdFiajoVTYhtOA', 'channelUrl': 'http://www.youtube.com/channel/UCPoauzCeGGdFiajoVTYhtOA', 'name': 'ののあ', 'imageUrl': 'https://yt4.ggpht.com/ytc/AKedOLTLD4iS6BkZe6IUZzmODPZGdgsHmOasGh_I_SPc=s64-c-k-c0x00ffffff-no-rj'}",textMessage,CjoKGkNPT3Y1SjdxOHZZQ0ZkTWxyUVlkcWNzTUp3EhxDSS02MFkzcTh2WUNGZG02VmdFZGxqSUJMQS0w,2022-04-01 12:08:44.044,0:49,2022-04-01 21:08:44,カスタムありがたい,['カスタムありがたい'],0,,,0
94,"{'badgeUrl': 'https://yt3.ggpht.com/5adhSlzxWFjowZKIPrqaS-94N-NYGJBi3QOStZ77ThoshDPHnC4VfrxRypHNhrfR2UtqhG11rLc=s16-c-k', 'type': 'MEMBER', 'isVerified': False, 'isChatOwner': False, 'isChatSponsor': True, 'isChatModerator': False, 'channelId': 'UCJPT0zD13WXm5KyFw2ynYVg', 'channelUrl': 'http://www.youtube.com/channel/UCJPT0zD13WXm5KyFw2ynYVg', 'name': 'ポリポリ 鉛筆', 'imageUrl': 'https://yt4.ggpht.com/ytc/AKedOLR5hWC7Lvka6EeuHb3jphOSDneGXwexb9n6iY2ESpew8yJFm506ATeLFSZpV6lz2SA=s64-c-k-c0x00ffffff-no-rj'}",textMessage,CjkKGkNOWGo4WjdxOHZZQ0Zlc2VyUVlkVWNBQVJnEhtDSWZGeDV2cTh2WUNGWGUyVmdFZHB0RUVyUTA%3D,2022-04-01 12:08:44.263,0:49,2022-04-01 21:08:44,:_taiki1:,"[{'id': '7W5EYvyCJMjm8wSdprfIBQ', 'txt': ':_taiki1:', 'url': 'https://yt3.ggpht.com/uoSuOIALa69YhNBF6oJvhm0Q7B1ASsVts0Fd9Pw-DjG7DzhPw-UT7t33uEbnKDJZeJ0UvP9ulg=w24-h24-c-k-nd'}]",0,,,0
95,"{'badgeUrl': '', 'type': '', 'isVerified': False, 'isChatOwner': False, 'isChatSponsor': False, 'isChatModerator': False, 'channelId': 'UClIj_Ok0Sj5HRGma-PEU70Q', 'channelUrl': 'http://www.youtube.com/channel/UClIj_Ok0Sj5HRGma-PEU70Q', 'name': '八神みや', 'imageUrl': 'https://yt4.ggpht.com/ytc/AKedOLSLIxOQXx8hQCaIz5mh7OrcenGhJ1HZsLUMRrsEtQ=s64-c-k-c0x00ffffff-no-rj'}",textMessage,CjkKGkNKVG1ucF9xOHZZQ0ZSZ3FyUVlkeks0RUp3EhtDTnlRaUpYcTh2WUNGU09tVmdFZC1Qa09zdzE%3D,2022-04-01 12:08:45.001,0:50,2022-04-01 21:08:45,ごりちゃんもソロっぽいねｗ,['ごりちゃんもソロっぽいねｗ'],0,,,0
96,"{'badgeUrl': 'https://yt3.ggpht.com/Zqa1MPpZTUNz7qLEVCW_pzFH6Zh9sL1h08OodDe4x7pyW8g8nx4PlXwJ1QnPxuGXX6IZNV1n=s16-c-k', 'type': 'MEMBER', 'isVerified': False, 'isChatOwner': False, 'isChatSponsor': True, 'isChatModerator': False, 'channelId': 'UCRWI9WZy5v85CKIYiivNZ5w', 'channelUrl': 'http://www.youtube.com/channel/UCRWI9WZy5v85CKIYiivNZ5w', 'name': 'たまごと納豆', 'imageUrl': 'https://yt4.ggpht.com/ytc/AKedOLQaTEgwOaaaq9LJ_BdBRMuZlym69U_WzpjTShtq=s64-c-k-c0x00ffffff-no-rj'}",textMessage,CjoKGkNJbTd2cF9xOHZZQ0ZYRVFyUVlkd3JNRFBnEhxDTWFuc1pIcTh2WUNGVDNuVEFJZEl1a0U3QS0w,2022-04-01 12:08:45.520,0:50,2022-04-01 21:08:45,:_taiki1:,"[{'id': '7W5EYvyCJMjm8wSdprfIBQ', 'txt': ':_taiki1:', 'url': 'https://yt3.ggpht.com/uoSuOIALa69YhNBF6oJvhm0Q7B1ASsVts0Fd9Pw-DjG7DzhPw-UT7t33uEbnKDJZeJ0UvP9ulg=w24-h24-c-k-nd'}]",0,,,0
97,"{'badgeUrl': '', 'type': '', 'isVerified': False, 'isChatOwner': False, 'isChatSponsor': False, 'isChatModerator': False, 'channelId': 'UCWf2BpWLz6R7Lng5ObDJ5yA', 'channelUrl': 'http://www.youtube.com/channel/UCWf2BpWLz6R7Lng5ObDJ5yA', 'name': 'ya-nyan', 'imageUrl': 'https://yt4.ggpht.com/dHQZxS6OpxLIvzhND0IScLG8C81nUSHr0pbGBIoSssO2cD18tbDXQpRqDBA80LhdwdMCOwwP=s64-c-k-c0x00ffffff-no-rj'}",textMessage,CkUKGkNJMzFtcURxOHZZQ0ZTVXFyUVlkd1VBTEx3EidDTTJVb0pIcTh2WUNGYWVtVmdFZGkyTU9rZzE2NDg4MTQ5Mjk3OTY%3D,2022-04-01 12:08:47.035,0:52,2022-04-01 21:08:47,頑張れまる!,['頑張れまる!'],0,,,0
98,"{'badgeUrl': 'https://yt3.ggpht.com/Zqa1MPpZTUNz7qLEVCW_pzFH6Zh9sL1h08OodDe4x7pyW8g8nx4PlXwJ1QnPxuGXX6IZNV1n=s16-c-k', 'type': 'MEMBER', 'isVerified': False, 'isChatOwner': False, 'isChatSponsor': True, 'isChatModerator': False, 'channelId': 'UCn1Dij-4XMZs7UY4ElNh4lw', 'channelUrl': 'http://www.youtube.com/channel/UCn1Dij-4XMZs7UY4ElNh4lw', 'name': 'ハシュクア', 'imageUrl': 'https://yt4.ggpht.com/ytc/AKedOLTKBFH4E4g9iRF6JCnEBywDMnRiCKRCUvEiOpzB-A=s64-c-k-c0x00ffffff-no-rj'}",textMessage,CjkKGkNPWEpxcURxOHZZQ0ZSb2JyUVlkRFVFQkVREhtDSmVLX1pMcTh2WUNGZFpKWUFvZFR6TU9LdzA%3D,2022-04-01 12:08:47.291,0:52,2022-04-01 21:08:47,はじ:_arsm::_arsr::_rasbi::_taiki1:,"['はじ', {'id': 'pSSrXfiTD6-S_APZmoPgBg', 'txt': ':_arsm:', 'url': 'https://yt3.ggpht.com/0qcQMMGlKOtD3x4zS3OluvcghDAElHQ2sYE25T_R-lMb3zh7DacH4xkEqFOXxDTBPlQdqYaC4Q=w24-h24-c-k-nd'}, {'id': 'yyOrXaqoH4ep_AOBjq7oDA', 'txt': ':_arsr:', 'url': 'https://yt3.ggpht.com/9Q3PbGhT37--fiX2KcWRJGZ25iaJiJXSWdFSnkN-3yfh-HI8AHsKrffC7NiNwD8uRA5IaGTofiA=w24-h24-c-k-nd'}, {'id': 'GvTFXeaXBJP0-QOa-L-wBA', 'txt': ':_rasbi:', 'url': 'https://yt3.ggpht.com/gEmVV6o0Gs6Ogy2lwpEeh0dHjad7eFxbGtq9liefATYSL8_U-mJHynMcY3BIEtQcdmSIct7Z=w24-h24-c-k-nd'}, {'id': '7W5EYvyCJMjm8wSdprfIBQ', 'txt': ':_taiki1:', 'url': 'https://yt3.ggpht.com/uoSuOIALa69YhNBF6oJvhm0Q7B1ASsVts0Fd9Pw-DjG7DzhPw-UT7t33uEbnKDJZeJ0UvP9ulg=w24-h24-c-k-nd'}]",0,,,0
